accelX,accelY,accelZ,gyroX,gyroY,gyroZ,label
-0.0035,0.8429,0.5254,0.1221,-0.2441,0.0000,circle
0.0131,0.8484,0.5200,18.3716,-7.6294,11.1084,circle
-0.0060,0.8666,0.4767,-11.6577,0.8545,-12.2681,circle
-0.0165,1.0043,0.5431,157.4097,26.8555,16.8457,circle
0.0896,1.7678,0.0626,140.8081,-1.0376,205.9326,circle
0.0896,1.7678,0.0626,140.8081,-1.0376,205.9326,circle
0.5580,-0.9491,-1.8518,132.4463,209.3506,48.5840,circle
-1.2219,-0.5690,-1.0261,182.8613,370.4834,-173.6450,circle
-2.0250,1.5425,-0.5236,312.9272,257.8125,-380.5542,circle
-1.5679,2.8335,0.1604,119.5679,-25.3906,-129.6997,circle
-0.1201,1.3630,-1.2264,120.0561,-194.0918,263.6719,circle
1.4182,0.6289,-0.7416,-66.1011,-33.2031,229.8584,circle
0.8994,-0.1693,-0.2679,-189.6362,42.3584,187.6221,circle
0.3606,-1.2123,-0.9087,32.6538,129.8828,66.7725,circle
-0.4935,0.6274,-0.1742,101.8677,156.1279,-216.7969,circle
0.4644,-0.7642,-0.0100,-7.3242,-9.2163,-15.8081,circle
0.4696,-0.8706,-0.0166,-2.3804,-6.2866,1.1597,circle
0.5015,-0.7787,-0.0170,-3.2959,-1.7700,12.6953,circle
-0.3715,0.3057,-0.0753,28.8696,6.7139,175.2319,circle
-1.4596,-1.7922,0.2877,112.5488,58.5327,193.1763,circle
-1.4596,-1.7922,0.2877,112.5488,58.5327,193.1763,circle
0.1167,-1.6666,1.2640,46.6309,165.9546,-256.5918,circle
0.9158,-0.5505,0.8063,-93.2617,37.5366,-216.3086,circle
1.1565,0.3958,0.3405,-85.2051,-75.0122,-142.8223,circle
0.8276,0.8263,0.2159,73.5474,-152.2217,15.0146,circle
-0.4154,0.1112,0.1982,108.3374,-134.8877,184.1431,circle
-1.0276,-0.8652,0.4659,123.1689,-59.2041,180.5420,circle
-1.2030,-1.5055,0.6896,94.7876,0.7324,99.7314,circle
-0.9828,-1.9443,0.3561,1.7700,78.9185,-64.0869,circle
-0.1276,-1.1687,0.8362,53.0395,184.8755,-196.3501,circle
0.6067,-0.7902,-0.1102,-12.2070,2.6855,2.5024,circle
0.8141,-0.7035,-0.0264,1.1597,1.0376,-12.0239,circle
1.1445,-0.3334,0.1250,8.6060,-25.2686,-10.6812,circle
0.4532,1.0176,0.2014,58.8379,-69.1528,102.7222,circle
-1.7720,-0.7753,0.3481,106.6894,-70.7397,346.6797,circle
-1.7720,-0.7753,0.3481,106.6894,-70.7397,346.6797,circle
-1.3232,-1.4418,0.4720,144.1040,60.9741,-103.2104,circle
-0.4105,-0.7572,1.2996,107.9712,139.4043,-288.3911,circle
0.7040,-0.6816,1.6256,-60.9131,66.9556,-245.4834,circle
1.1852,0.1979,0.8273,-89.8437,-93.2007,-168.8843,circle
0.7836,0.8776,0.0372,25.1465,-216.3696,-16.1743,circle
-0.3965,-0.3536,0.0137,83.0688,-140.5029,185.2417,circle
-0.6417,-1.7975,0.2874,38.0859,-31.6162,117.6758,circle
0.3395,0.1073,0.1539,54.0161,-1.5259,-0.1831,circle
-1.0200,-0.9192,0.1300,76.4771,14.2822,172.3022,circle
1.2415,0.0663,0.1219,-12.1460,-27.0996,4.6997,circle
1.1393,0.8098,-0.0378,62.5000,-54.7485,73.9136,circle
-0.0444,-0.0602,0.4130,98.9990,-33.3252,203.1250,circle
-0.9044,-0.5012,0.6483,119.0185,0.0000,249.2065,circle
-1.4535,-1.6786,0.8979,108.0933,20.7520,238.7695,circle
-1.4535,-1.6786,0.8979,108.0933,20.7520,238.7695,circle
-0.7185,-0.9028,1.1644,69.5801,87.7075,-266.7236,circle
0.5461,-0.5084,1.6282,-65.7349,93.5059,-282.1655,circle
1.1444,0.0571,1.0345,-135.6201,-41.1987,-181.6406,circle
1.0646,0.6849,0.2891,-77.3926,-159.6069,-89.4775,circle
0.0488,0.6385,0.0330,79.4067,-170.5322,98.9380,circle
-0.7820,-0.5468,0.1284,107.7270,-81.4209,229.7973,circle
-0.9471,-1.1735,0.5415,101.3794,-15.0146,163.5742,circle
-0.9056,-1.3950,0.5488,59.5703,13.1226,101.1352,circle
-0.6865,-1.4723,0.5459,61.2793,-4.5776,-12.2070,circle
-0.0822,-0.9724,0.2852,-22.2778,4.0894,-8.5449,circle
-0.1973,-0.7792,0.2209,-75.9277,-6.7139,-27.5269,circle
-0.7230,-0.7559,0.0494,-85.8765,-29.8462,5.1270,circle
-0.7310,-1.4233,0.0703,59.3872,39.5508,42.3584,circle
0.1042,-1.7368,0.3781,3.6621,139.1602,-79.6509,circle
0.1042,-1.7368,0.3781,3.6621,139.1602,-79.6509,circle
1.0109,-0.5690,0.2906,-132.5073,-2.4414,-66.5283,circle
0.4922,0.1309,-0.0474,-55.6030,-129.5166,-40.1611,circle
-0.2097,-0.3505,0.0002,64.3921,-151.5503,26.2451,circle
-0.5038,-0.5519,0.2754,106.6894,-102.5391,28.0151,circle
-0.9103,-0.9708,0.3400,58.8379,-70.0684,75.2563,circle
-1.0944,-1.6388,0.0496,3.7231,-15.1367,21.0571,circle
-0.7058,-1.5447,-0.0133,4.8218,149.2310,-68.7256,circle
0.2498,-1.3291,0.3291,-34.9731,187.5610,-29.2358,circle
0.5057,-1.0582,0.0457,-62.5000,89.6606,-27.8931,circle
-0.1190,-0.2523,-0.0912,0.8545,-117.6758,76.9043,circle
-0.6818,-0.3582,0.0505,40.8936,-123.7793,71.1060,circle
-1.2129,-0.8396,0.1715,76.9653,-105.4077,63.9648,circle
-1.2198,-1.1129,0.1093,82.0312,-41.8091,6.6528,circle
-1.1061,-1.2987,0.0094,75.6836,53.2837,-92.6514,circle
-1.1061,-1.2987,0.0094,75.6836,53.2837,-92.6514,circle
0.0298,-1.2504,0.6498,-21.7895,197.8760,-150.6348,circle
0.7024,-1.1675,0.6090,-87.0361,109.7412,-118.1030,circle
0.9933,-0.5176,0.3972,-94.6655,-11.6577,-115.5395,circle
0.6459,-0.0941,-0.1923,26.3062,-122.9248,-59.3872,circle
0.4288,-0.2922,-0.1730,13.5498,-87.0361,13.4888,circle
0.2067,-0.5841,-0.0505,69.3359,-90.1489,23.6206,circle
-0.2018,-0.5380,0.0619,61.9507,-74.4019,71.9604,circle
-0.4875,-0.8873,0.0350,32.6538,-62.7441,117.7978,circle
-0.8121,-1.1322,-0.0778,37.0483,-31.4331,107.5439,circle
-0.0857,-0.9589,-0.4491,-40.4053,1.4038,-80.9936,circle
-0.0675,-0.7823,-0.1278,90.0879,-26.9775,-23.7427,circle
-0.3740,-0.8085,-0.1823,123.1689,-127.4414,-3.7231,circle
-0.6678,-1.3035,0.0320,17.8223,67.3828,53.7720,circle
-0.1313,-1.9579,0.0070,12.4512,126.8921,-4.7607,circle
-0.1313,-1.9579,0.0070,12.4512,126.8921,-4.7607,circle
1.0745,-0.4993,0.1938,-126.0376,87.7075,-132.3853,circle
0.9363,-0.1372,0.0392,-53.2227,-79.4067,-82.6416,circle
0.2139,-0.2906,-0.1172,21.6675,-116.8823,-45.6543,circle
-0.0967,-0.1337,-0.0024,99.4263,-115.7837,-4.1504,circle
-0.6376,-0.6759,0.2482,123.5351,-108.4595,81.2988,circle
-1.1149,-1.6053,0.0648,124.6338,-85.3882,84.2895,circle
-0.7662,-1.6447,-0.0857,47.0581,58.5937,-15.1978,circle
-0.2493,-1.4999,0.3036,15.8691,199.3408,-93.3227,circle
0.4061,-1.4325,0.4452,-69.5801,182.4341,-77.5146,circle
0.8839,-0.1356,0.1877,42.8467,-82.3975,-9.3994,circle
-0.1273,-0.5342,-0.0392,55.2978,-131.5918,89.4775,circle
-0.3773,-0.8135,0.0352,59.5703,-88.3179,76.7822,circle
-0.4861,-0.2140,0.2173,61.0352,-70.3125,83.3740,circle
-1.4185,-1.4807,0.2336,72.8149,-74.5239,187.5610,circle
-1.4185,-1.4807,0.2336,72.8149,-74.5239,187.5610,circle
-0.2694,-0.9001,0.7045,20.0195,216.8579,-137.8784,circle
-0.0164,-1.3563,0.3191,-31.3721,163.0249,-61.4624,circle
0.3405,-1.6173,0.3027,-39.0625,146.4233,-75.5615,circle
0.9044,-0.7445,0.3671,-117.5537,59.5093,-113.4033,circle
0.8066,-0.0253,0.4304,-24.2920,-60.4858,-114.1968,circle
-0.0095,-0.1172,-0.0327,14.4653,-167.4194,-4.9438,circle
-0.3782,-0.4082,-0.1794,79.2236,-144.4092,45.1660,circle
-0.6636,-0.7941,-0.0713,93.6890,-93.5059,75.2563,circle
-0.8982,-1.2035,-0.1069,80.9936,-44.3726,87.3413,circle
-0.2263,-0.6743,0.0424,-1.9531,-10.1318,-0.7324,circle
-0.4573,-0.6567,0.0284,-10.7422,-31.1890,25.3296,circle
-0.8865,-1.2412,-0.0243,17.5781,4.3945,24.7192,circle
-0.7030,-1.3506,0.1486,29.6020,138.6719,-94.3603,circle
0.1521,-1.7427,0.3785,6.8359,169.7388,-110.1074,circle
0.1521,-1.7427,0.3785,6.8359,169.7388,-110.1074,circle
1.0586,0.1494,0.7094,-44.3726,-15.8691,-180.2978,circle
0.2997,0.1764,0.1603,50.2319,-162.1094,-16.9678,circle
-0.0999,-0.1478,-0.0493,49.0723,-145.1416,71.5332,circle
-0.9771,-0.5856,0.1501,134.5825,-106.4453,169.0674,circle
-1.3291,-1.4614,0.3091,93.6890,-45.4712,156.4331,circle
-1.2189,-1.8046,0.0848,58.2886,-17.7002,42.7246,circle
-0.2035,-1.1787,0.6049,56.5186,166.9922,-143.8599,circle
0.0991,-1.4988,0.5103,-30.2734,142.7002,-95.4590,circle
0.4788,-1.3608,0.7974,-61.8286,111.1450,-156.1890,circle
0.2312,-0.8333,-0.2544,-13.3057,8.3618,-33.0811,circle
0.3613,-0.7467,-0.2209,4.5776,-4.3335,-26.3062,circle
0.1666,0.3508,0.0267,63.8428,-39.3066,11.4746,circle
-1.0375,-1.0159,0.1593,99.9756,-48.2178,203.9795,circle
-1.3838,-1.9534,0.1802,90.3931,-0.7324,145.5078,circle
-1.3838,-1.9534,0.1802,90.3931,-0.7324,145.5078,circle
0.1926,-1.7377,1.0107,-19.3481,233.9477,-114.7461,circle
0.8289,-1.0183,0.4937,-125.5493,97.2290,-134.7046,circle
0.9568,-0.1869,0.6626,-131.2866,53.6499,-147.3389,circle
0.2604,-0.0800,0.0110,-8.3008,-151.9775,-30.6396,circle
-0.1221,-0.0721,0.0796,45.4712,-169.0063,11.4136,circle
-0.8502,-0.4103,0.0203,101.3794,-176.0864,85.0830,circle
-1.7573,-1.3022,-0.4111,128.6621,-8.9722,117.6758,circle
-1.2520,-1.5100,0.0975,150.1465,114.5630,8.1177,circle
-0.5662,-1.4617,0.5579,84.4116,192.4438,-109.3750,circle
-0.0286,-0.9030,0.4641,18.3716,13.7329,-23.1934,shake
-0.0330,-0.8119,0.5153,68.2373,-7.4463,-20.7520,shake
0.0054,-0.7211,0.5815,53.5889,-71.6553,-59.3872,shake
0.3898,-0.7734,0.6573,-5.0659,-56.1523,-83.4961,shake
-0.1056,-1.3617,1.3413,-8.1177,36.9263,-25.3296,shake
-0.1056,-1.3617,1.3413,-8.1177,36.9263,-25.3296,shake
-0.2418,1.4686,-2.9418,134.5825,-59.7534,-80.6885,shake
-0.1506,-1.0924,3.3630,171.6308,494.3847,183.8989,shake
-0.1453,0.9608,-0.3983,-83.1299,-446.4111,-141.0522,shake
-0.4646,0.1600,0.0953,68.9697,288.4521,59.9365,shake
0.3136,0.0253,2.4524,-42.7246,-127.3193,-51.5747,shake
-0.7609,0.4808,-3.0822,81.1157,-169.1284,-15.9912,shake
0.8125,-0.5537,3.9999,1.5869,368.7744,55.0537,shake
-0.2590,0.4144,-3.4318,-61.1572,-412.6587,-6.1035,shake
0.0009,-0.0229,3.6843,189.5141,492.4926,-17.3340,shake
0.0006,0.4832,-1.2987,-177.0630,-443.9697,-9.2163,shake
-0.0182,0.1832,0.2195,63.9648,274.9634,32.2266,shake
0.5693,-0.3929,3.9999,-25.1465,-106.2012,-16.9067,shake
-0.3306,0.7028,-3.1993,-109.1309,-126.2817,62.9883,shake
0.6337,-1.1329,3.9999,181.2744,269.5312,66.8945,shake
0.7635,-0.6498,0.3285,-152.2827,55.2978,42.2974,shake
0.7671,-0.6536,0.2196,-102.4780,-6.2866,-54.9927,shake
0.8553,0.6490,-0.3766,58.1055,-58.7158,-155.6396,shake
-0.0151,-0.7202,0.4402,-28.3203,121.2768,305.8472,shake
-0.1089,-3.6849,1.1418,-7.5684,-79.4678,-157.6538,shake
-0.1089,-3.6849,1.1418,-7.5684,-79.4678,-157.6538,shake
-0.2518,-0.3745,0.2837,15.0146,196.5942,380.4931,shake
0.1932,-2.6317,1.4777,-15.4419,-13.7329,-73.9136,shake
-0.1208,1.9491,-0.8766,-13.9160,-160.3394,-308.3496,shake
-0.4703,-2.8607,1.4030,1.5869,239.2578,528.6255,shake
0.0183,-0.2040,0.6072,7.6904,-145.2026,-399.4751,shake
-0.0063,3.4337,-2.0288,15.8691,-201.4160,-311.1572,shake
-0.2378,-4.0000,1.5376,11.3525,102.4780,276.4893,shake
0.0699,-0.0730,0.3483,-3.4180,-166.0766,-408.9966,shake
-0.3472,2.0975,-1.6962,10.9863,5.6152,50.0488,shake
-0.0883,-3.9728,1.6676,-27.6489,-9.0332,-86.9141,shake
-0.0177,2.5009,-1.2471,46.2646,-232.8491,-498.1689,shake
-0.2344,-0.8236,0.3954,-19.7754,194.7021,440.2466,shake
0.1874,-2.2749,0.8698,13.4888,-28.6865,-128.6621,shake
-0.0002,2.9180,-1.8937,70.0073,-126.2817,-250.2441,shake
0.8733,0.1019,0.2423,-35.5835,-102.9663,-106.7505,shake
0.7856,-0.2024,-0.3058,-9.0942,-23.9868,39.0625,shake
0.6188,-1.7012,0.6953,28.0762,54.1992,69.5190,shake
0.6188,-1.7012,0.6953,28.0762,54.1992,69.5190,shake
-0.6021,2.4006,-1.3536,42.4805,45.5322,-17.8223,shake
-0.4525,-3.9255,1.9972,-98.1445,160.0342,271.5454,shake
0.1375,3.0994,-1.5903,33.0200,-242.4316,-449.8291,shake
-0.5035,-2.2915,1.0936,-31.0669,252.2583,513.9160,shake
-0.1968,-3.1575,1.2986,-32.2266,39.7949,15.6860,shake
-0.0245,2.6157,-1.3401,10.3760,16.6016,-11.7187,shake
-0.6642,-4.0000,1.4736,-84.4116,154.2358,362.2436,shake
-0.1727,-0.1367,0.1761,62.0728,-179.8706,-471.5576,shake
-0.7345,-0.7832,0.6100,-21.8506,286.4990,528.0762,shake
-0.6500,-3.7843,1.6262,-79.3457,167.3584,289.3677,shake
-0.0013,2.8795,-1.7830,118.4692,-252.0141,-556.6406,shake
-1.1333,-2.2350,1.5038,-118.2861,322.6928,502.5634,shake
0.0220,-0.7579,0.3656,-9.2773,-154.7241,-372.5586,shake
0.0956,2.8534,-1.5334,-0.1831,-17.0898,-113.9526,shake
-1.1379,-3.8877,1.5094,-127.1973,210.9985,503.1128,shake
0.0908,1.4467,-0.5276,89.4165,-203.1860,-572.5708,shake
1.0060,-1.1265,0.9926,-62.7441,-20.2637,-9.9487,shake
0.1515,0.3892,-0.4646,-6.8359,-222.3511,-217.6514,shake
-0.9552,0.9558,-0.2867,20.5688,278.4424,237.4878,shake
-0.4209,-3.2111,1.3547,-107.8491,43.2129,66.0400,shake
-0.4209,-3.2111,1.3547,-107.8491,43.2129,66.0400,shake
-0.7009,0.8325,-0.1923,7.2021,230.5908,329.5288,shake
-0.4845,-3.0599,1.0875,-87.3413,15.5640,41.3818,shake
-0.0323,3.0521,-1.9690,149.1699,-210.6933,-526.1230,shake
-0.4928,0.7168,-0.1913,9.8877,222.3511,308.8379,shake
-0.0693,-0.7540,0.4436,18.2495,-157.7759,-384.8266,shake
-0.2823,2.7729,-2.3499,154.8462,-62.6221,-164.2456,shake
-0.8806,-2.4362,1.4984,-182.8613,446.6552,622.4365,shake
0.1046,1.6980,-0.8060,142.0288,-252.6855,-562.3779,shake
-0.1899,2.2684,-1.8713,116.1499,-31.7993,-56.0913,shake
-0.5623,-3.9039,1.4716,-181.9458,232.6660,397.5219,shake
0.2838,1.2653,-0.4485,162.9639,-214.2944,-423.0346,shake
-0.4745,0.5306,-0.4340,-14.5264,219.7265,260.9863,shake
-0.1793,-3.0585,0.9260,-96.6186,60.7300,64.6973,shake
0.4708,2.1698,-0.7261,93.8110,-181.9458,-417.6635,shake
-0.3749,-1.0778,0.3282,-81.9092,138.4277,481.6284,shake
0.4929,1.3522,-0.9153,93.3227,-88.0737,-251.1597,shake
0.0206,0.0503,0.5073,56.1523,217.7734,296.8750,shake
0.3854,-2.8538,0.9374,-52.0019,-25.7568,57.1899,shake
0.3854,-2.8538,0.9374,-52.0019,-25.7568,57.1899,shake
-0.3473,1.8629,-0.9733,87.6465,89.5996,36.3770,shake
0.0580,-3.5778,1.3298,-111.5112,122.8027,270.7520,shake
0.0435,1.7067,-0.7130,15.8081,-207.2754,-449.0966,shake
-0.1346,0.1672,0.1328,6.9580,183.6548,330.4443,shake
0.5110,-3.7191,1.6913,-7.0801,109.6802,328.6133,shake
-0.4214,2.5111,-1.9758,32.4097,-177.9785,-343.6279,shake
-0.2308,0.2350,-0.2245,-21.8506,254.5776,463.1958,shake
0.8104,-2.7755,1.2319,-6.9580,-18.0054,-28.5645,shake
-0.4044,2.4249,-2.1697,51.6968,6.2866,-200.5005,shake
0.0900,-0.8047,0.8678,-63.5986,267.8223,402.5268,shake
0.8423,-1.9009,1.0575,-31.1279,-42.8467,-124.5727,shake
-0.4447,2.1426,-2.0310,174.3774,-101.1963,-402.5879,shake
0.5112,-1.7203,1.0463,-221.6797,216.4917,495.5444,shake
0.5840,-0.5839,0.3425,40.6494,-105.8350,-312.6221,shake
-0.3014,2.2607,-1.6753,150.3906,12.1460,-187.9883,shake
0.7533,-3.2946,1.5055,-161.8042,161.4990,495.8496,shake
0.8251,-0.1754,0.0195,-30.3345,-9.0942,27.7100,shake
0.8340,-1.4060,0.5959,-116.3330,-60.3638,-88.8672,shake
-0.4800,2.7344,-1.8121,192.3828,-17.0898,-283.0811,shake
-0.4800,2.7344,-1.8121,192.3828,-17.0898,-283.0811,shake
0.7512,-2.3066,0.9530,-48.3398,-73.2422,-134.0332,shake
-0.5414,1.8064,-0.8120,205.8105,-107.7881,-387.2680,shake
0.2131,-2.5397,1.3635,-216.6138,316.6504,537.2314,shake
0.2690,-0.0714,0.3358,98.2666,-161.8042,-383.3618,shake
-0.4521,2.1664,-2.0040,265.8081,-142.9443,-434.3872,shake
0.9767,-3.1671,0.4934,-427.6733,26.9165,510.6201,shake
0.6450,-0.7971,-0.0710,181.8237,-63.5376,-431.2744,shake
-0.3496,2.0369,-1.8379,327.2705,81.7871,-292.2363,shake
1.4094,-2.8922,1.8755,-147.9492,21.4844,188.6597,shake
0.2537,0.6692,-0.0192,76.8433,-248.4741,-317.7490,shake
-0.1523,1.0146,-1.3907,114.5019,91.3696,-69.4580,shake
1.6432,-2.3030,1.7939,-12.4512,-145.3857,-103.5767,shake
-0.3514,1.0199,-1.4358,140.9912,-239.0747,-325.9887,shake
0.0084,-0.7916,0.3031,-165.8325,265.5029,352.9663,shake
1.1465,-1.2621,0.6846,-20.0806,-105.8350,-152.4658,shake
-0.8054,2.0092,-2.1462,184.0820,-75.8057,-333.8012,shake
-0.0098,0.4258,-0.4288,-43.5791,-308.6548,-310.4248,shake
-0.4678,1.1201,-1.6127,95.8862,146.9116,-65.7959,shake
0.4213,-3.1101,2.5166,-185.7300,297.6074,327.7588,shake
0.4213,-3.1101,2.5166,-185.7300,297.6074,327.7588,shake
-0.5756,1.0438,-2.2751,168.2739,-35.8887,-165.1611,shake
0.1003,-1.8328,2.0060,-230.3467,421.2646,368.1640,shake
-0.0488,0.8983,-0.9879,37.2925,-380.7373,-386.1694,shake
-0.4626,0.2931,-0.4408,63.5376,320.6177,168.8232,shake
0.4712,-2.9249,3.0969,-40.8936,-27.9541,-66.1011,shake
-0.6042,1.0153,-2.3304,129.3335,-329.3457,-337.7685,shake
0.0468,-0.9486,1.2708,-200.2563,455.1391,401.0620,shake
0.9347,-2.7352,2.0854,-113.8916,71.5942,200.0732,shake
-1.1273,1.3467,-2.7878,91.4307,-221.4966,-256.7749,shake
-0.2070,-0.8531,0.8257,-163.3911,481.0180,414.7339,shake
0.5364,-1.4910,1.0292,-82.7637,-107.2388,-167.1142,shake
-0.7125,2.3470,-2.1871,34.4238,59.3262,-39.4897,shake
0.2257,-2.1976,1.0068,-123.1689,332.2143,553.0396,shake
0.2471,-1.2043,0.0927,-128.6011,1.4038,-292.1143,shake
-0.4836,2.7815,-0.8385,183.1055,27.7100,-332.7026,shake
0.5283,-3.7411,0.7291,-23.8647,146.5454,572.3267,shake
-1.1371,-2.8083,2.3761,-386.7187,478.0883,408.4472,shake
-1.1371,-2.8083,2.3761,-386.7187,478.0883,408.4472,shake
-0.9009,3.4299,-1.4110,82.8247,-155.9448,-207.6416,shake
-0.3879,-2.4336,0.9279,20.0195,-25.6348,-157.1655,shake
-0.3445,2.7025,-0.7346,215.8203,-219.4824,-632.5684,shake
-1.3051,-2.7703,1.4895,-190.5517,341.9799,614.7461,shake
-0.7443,0.1613,0.5526,340.8203,-505.4931,-652.4658,shake
-0.7151,1.4669,-1.0828,54.9316,17.9443,20.1416,shake
0.7815,-1.0316,2.1321,-20.5078,-95.9473,-20.3857,shake
-1.3490,1.8927,-2.8247,-15.6860,-262.5732,-132.0190,shake
0.9863,-2.2970,3.4681,-238.4033,499.3286,330.6274,shake
-1.2581,1.4888,-2.1285,58.7158,-604.6143,-317.0166,shake
-0.9193,-0.9817,1.8606,-142.3950,723.6938,416.7480,shake
-0.4376,-0.3555,0.3303,46.7529,-348.2055,-343.2617,shake
-2.0166,2.0129,-0.4288,133.0566,222.2900,-54.7485,shake
0.3070,-2.4673,1.8572,-151.6113,166.1987,185.9131,shake
-1.0065,2.4404,-2.5959,266.2354,-390.8081,-549.4385,shake
-0.8220,-2.6268,2.1849,-241.0889,600.8301,703.0639,shake
0.3324,0.3960,0.0361,94.4214,-251.5259,-348.3276,shake
-0.9740,0.3826,0.3781,-7.4463,223.1445,316.2231,shake
-1.1475,-3.0903,1.2115,-299.3164,428.6499,740.6005,shake
-1.1475,-3.0903,1.2115,-299.3164,428.6499,740.6005,shake
-0.4336,3.2991,-1.3938,59.6924,-109.9243,-309.8755,shake
-0.6581,-3.6055,0.7123,-268.1274,221.1914,500.0610,shake
-0.6914,1.9608,-0.8461,129.4556,-250.0610,-653.9306,shake
-0.4116,-0.1136,0.6140,-44.8608,414.0625,475.0976,shake
0.0450,-1.0830,0.7397,-85.5102,-116.5771,-226.3794,shake
-1.6609,2.8353,-2.2350,87.6465,-185.1806,-431.0302,shake
-0.5721,-3.1504,1.4060,-262.5732,431.9458,764.6484,shake
-0.2671,0.9182,-0.4678,54.1382,-349.6704,-574.5239,shake
-1.1938,1.8821,-0.0275,147.3999,290.7715,82.4585,shake
-0.4113,-3.4628,1.7279,-65.7349,30.0903,187.1948,shake
-1.6144,3.6978,-1.4408,238.6474,-99.9145,-522.2168,shake
-0.8516,-3.9808,1.2069,-215.8203,258.8501,752.0751,shake
-0.4320,-0.9318,0.6099,30.1514,-172.6074,-428.4057,shake
-1.5272,-1.7146,1.2429,-84.0454,378.7231,730.3466,shake
-0.1277,-3.3180,1.0698,2.8076,-132.5073,-367.3095,shake
-1.0082,3.1774,-1.6718,144.0430,-199.0967,-585.1440,shake
-0.1936,-3.4749,1.1996,-123.1079,109.9853,247.1924,shake
-0.4863,0.8481,-0.0376,-2.9907,-189.3310,-555.9082,shake
-1.6323,2.8320,-1.2372,35.8887,-241.2109,-710.0219,shake
-1.6323,2.8320,-1.2372,35.8887,-241.2109,-710.0219,shake
-0.5917,-3.5634,0.6930,-133.1177,89.0503,172.6684,shake
-0.5905,2.0883,-1.4523,67.2607,-292.7856,-557.7393,shake
-0.6648,-0.2726,0.6404,-4.4556,401.9775,535.2783,shake
-0.3206,-3.4806,1.1671,-182.3730,211.1816,425.3540,shake
-1.0015,3.1250,-2.6191,176.4526,-242.7978,-522.3999,shake
-0.8071,0.3154,0.9725,-102.4780,423.7671,790.2221,shake
-0.0291,-2.0792,0.0225,12.6343,-147.3389,-66.1011,shake
-1.3052,-0.3842,1.8984,40.8936,470.6421,555.5420,shake
-0.3070,-3.4189,1.2874,-140.8081,83.1299,397.7050,shake
-0.3582,2.4529,-1.1190,216.3086,-179.1382,-451.0498,shake
-1.1143,-3.5769,1.5197,-202.4536,282.8979,494.2016,shake
-0.1967,1.7039,-0.3341,81.7871,-209.6557,-606.0791,shake
-0.7988,-2.4833,1.0533,-307.9224,400.2075,478.3325,shake
-0.5720,1.4104,-0.0150,116.0889,-224.7925,-757.5683,shake
0.1835,0.9879,-0.3777,-33.5693,217.8955,169.2505,shake
0.6285,-2.0782,1.1267,-275.8789,147.1558,174.9267,shake
1.0271,1.0220,-0.1578,6.2256,-87.2803,-180.8472,shake
0.4095,-1.0953,0.7394,37.8418,99.7925,284.9731,shake
0.3855,-0.6493,0.7220,2.6245,-5.3101,-1.7090,swipe_h
0.3523,-0.6476,0.6412,9.0332,-16.7847,7.8735,swipe_h
0.3455,-0.6281,0.6469,15.9912,-21.4233,9.9487,swipe_h
0.2189,-0.7373,0.6310,15.6250,-15.1367,11.6577,swipe_h
-1.0836,-2.1783,0.7214,-75.8057,30.3345,-125.1831,swipe_h
-1.0836,-2.1783,0.7214,-75.8057,30.3345,-125.1831,swipe_h
0.5433,-0.2634,0.9381,-54.5044,5.4321,40.1611,swipe_h
0.2616,-1.0819,1.2446,-95.0928,7.0801,-138.3057,swipe_h
0.6281,0.6541,0.8716,-160.5835,-15.0757,-239.3799,swipe_h
0.5184,1.0947,-0.4431,18.1274,-59.5093,-198.3642,swipe_h
0.9840,0.3026,0.0588,-22.0947,1.3428,1.7700,swipe_h
0.9941,0.3091,0.0687,-44.8608,-10.5591,-22.2168,swipe_h
1.4078,0.0916,-0.3104,-26.4282,24.5361,-3.7842,swipe_h
0.0844,0.6825,0.0281,-26.9775,93.8110,-66.0400,swipe_h
-0.4175,3.1669,0.7596,3.4180,92.7734,118.5303,swipe_h
-0.4175,3.1669,0.7596,3.4180,92.7734,118.5303,swipe_h
-0.2068,-0.2360,1.5398,134.5215,148.1323,264.4653,swipe_h
-0.2565,-0.4999,1.2584,22.2168,30.8838,181.5796,swipe_h
-0.0454,-0.7538,1.2030,49.4385,22.7661,127.6245,swipe_h
0.1982,-0.5697,1.0098,-9.2773,4.6387,4.2114,swipe_h
0.3564,-0.2153,0.8424,-13.6719,-29.0527,69.3970,swipe_h
0.3529,-0.4921,0.8031,10.9863,4.2114,43.5181,swipe_h
0.4270,-0.5620,0.9119,1.5259,-0.3662,-19.4702,swipe_h
0.5179,-1.2462,0.7650,-40.9546,-4.5166,-35.4614,swipe_h
0.5179,-1.2462,0.7650,-40.9546,-4.5166,-35.4614,swipe_h
-0.4846,1.3522,1.8107,-55.9692,100.8911,-147.6440,swipe_h
-0.1003,-1.9325,0.8340,-83.4961,-37.2314,-144.3481,swipe_h
0.0227,0.2849,1.2148,-74.5850,-11.8408,-366.8823,swipe_h
0.5544,1.3411,0.3822,-103.0273,-69.4580,-232.1777,swipe_h
0.7852,1.0248,0.0428,4.5166,-45.9595,-67.3218,swipe_h
1.3124,0.3157,0.2142,-52.9175,50.0488,-6.5308,swipe_h
1.4204,0.0399,0.3611,-41.5649,78.7354,33.9966,swipe_h
0.0830,-0.0256,0.4600,-66.4063,68.4204,-3.7842,swipe_h
-0.0328,1.8961,1.5332,-31.7383,48.2178,14.3433,swipe_h
-0.0328,1.8961,1.5332,-31.7383,48.2178,14.3433,swipe_h
-0.5299,-0.5895,0.9352,101.0132,-29.6631,324.3408,swipe_h
-0.4911,-1.4375,0.9270,-23.9868,-26.7334,224.4263,swipe_h
-0.2729,-1.3994,0.5253,0.6104,-30.8228,79.2236,swipe_h
0.0271,-0.8867,0.6632,0.4883,16.4185,-8.1787,swipe_h
0.2457,-0.4594,0.8163,7.0801,11.6577,-35.1563,swipe_h
0.2887,-0.7645,0.6201,-0.6104,10.4370,-20.3857,swipe_h
0.9688,-1.0699,1.7606,11.6577,-3.6621,-55.9082,swipe_h
0.9688,-1.0699,1.7606,11.6577,-3.6621,-55.9082,swipe_h
-0.5541,-0.0551,-0.6312,-36.1938,-0.3052,40.4663,swipe_h
-0.1715,-2.0883,0.4491,-44.9219,100.5859,-5.1270,swipe_h
-0.2253,-1.1942,1.2208,-121.5820,147.9492,-185.9741,swipe_h
0.1796,-0.2216,1.4811,-141.4795,142.0898,-178.8940,swipe_h
0.5658,0.7358,1.2070,-37.1094,93.5669,-146.1792,swipe_h
0.7798,0.0643,0.6014,-33.9966,12.9395,-32.2876,swipe_h
0.7743,-0.3152,0.7397,6.8970,8.3008,-11.7798,swipe_h
1.2687,-0.7471,0.5032,-14.7095,-44.3726,-40.5273,swipe_h
-0.0334,0.0387,-0.0348,38.2690,-37.5977,-99.6704,swipe_h
0.1555,0.4158,0.6790,37.4756,26.6113,12.6953,swipe_h
1.4186,-0.1182,0.6945,56.9458,19.4702,1.7090,swipe_h
1.4186,-0.1182,0.6945,56.9458,19.4702,1.7090,swipe_h
0.2059,-0.1241,1.0320,47.7295,-41.7480,242.9199,swipe_h
-0.0631,-1.1606,0.6465,20.4468,-90.5762,210.3271,swipe_h
0.0189,-1.3650,0.1267,29.7241,-62.2559,83.9233,swipe_h
0.2203,-1.1899,0.1895,-19.2261,-8.8501,29.5410,swipe_h
0.5032,-0.8569,0.4153,-1.3428,16.1743,-4.8218,swipe_h
0.9487,-1.0074,0.5679,4.3945,4.3335,-5.8594,swipe_h
0.8595,-0.8594,1.0525,25.0854,-34.0576,-90.7593,swipe_h
0.8595,-0.8594,1.0525,25.0854,-34.0576,-90.7593,swipe_h
0.2881,-1.2637,0.0397,-30.8838,62.4390,69.9463,swipe_h
0.8169,-1.5828,0.8818,-11.0474,70.5566,-82.4585,swipe_h
0.6050,-0.5841,0.6443,-95.1538,48.6450,-125.0610,swipe_h
0.6250,-0.1211,0.9257,-105.9570,62.1948,-124.8779,swipe_h
0.6935,0.5735,0.9443,-46.9360,23.0103,-100.2808,swipe_h
0.8202,0.2385,0.2823,1.8311,-44.1284,-19.4702,swipe_h
0.9515,0.0238,0.3685,-2.5635,14.1602,-15.5029,swipe_h
1.0652,-0.0496,0.4100,17.6392,0.7935,19.6533,swipe_h
1.5709,-0.5022,0.9592,10.8643,-36.1938,-13.8550,swipe_h
1.5709,-0.5022,0.9592,10.8643,-36.1938,-13.8550,swipe_h
0.2994,0.6713,0.3408,48.6450,127.8076,120.9717,swipe_h
1.6246,-0.2584,1.6625,72.6318,-17.1509,148.4985,swipe_h
0.3295,-0.7108,0.5576,108.7646,-115.7226,123.0469,swipe_h
0.2367,-1.1038,0.2606,49.1333,-64.6973,106.3843,swipe_h
0.3971,-1.0288,0.3160,7.4463,-20.0806,65.8569,swipe_h
0.4021,-0.8447,0.2303,0.7935,-10.1929,16.4795,swipe_h
0.6135,-0.7522,0.2524,8.1177,-0.7324,12.2070,swipe_h
0.4604,-0.7460,0.6632,-6.8359,-57.3730,-118.5303,swipe_h
-0.5959,1.1696,-0.3586,-18.1274,-59.6313,-103.4546,swipe_h
0.5367,-1.2366,0.2437,-11.5356,49.3774,120.8496,swipe_h
0.8541,-1.0891,0.7346,27.6489,29.1138,-36.6211,swipe_h
0.8541,-1.0891,0.7346,27.6489,29.1138,-36.6211,swipe_h
0.5306,-0.6051,0.3773,-6.8359,2.1973,72.3877,swipe_h
0.3462,-1.9032,0.4636,-16.4795,1.8311,12.1460,swipe_h
-0.1229,-1.0260,0.4150,-44.0674,51.8799,-122.0093,swipe_h
0.0863,-0.6458,0.6373,-81.9702,73.3032,-128.4180,swipe_h
0.7346,-0.1678,0.9764,-75.0732,60.1196,-154.1138,swipe_h
1.2274,0.1240,1.2579,60.8520,78.8574,2.9907,swipe_h
1.2274,0.1240,1.2579,60.8520,78.8574,2.9907,swipe_h
-0.5482,0.0359,-1.1849,16.2964,-239.0747,-10.8032,swipe_h
0.1624,-0.1544,-0.2269,-16.2354,149.5361,51.3916,swipe_h
1.3187,0.7073,1.6581,49.7436,132.3853,-29.0527,swipe_h
0.7126,0.5583,1.0143,70.9839,-3.7842,111.6333,swipe_h
0.3999,-0.3787,0.8856,38.0249,-48.2788,169.1894,swipe_h
0.3970,-0.4847,0.6538,40.1001,-52.7954,123.9624,swipe_h
0.3729,-0.7533,0.5116,10.4980,-44.3726,129.0894,swipe_h
0.3546,-1.1934,0.3567,-2.2583,-33.1421,67.3828,swipe_h
0.2145,-0.6045,0.6149,-17.0288,81.4209,2.7466,swipe_v
0.1108,-0.8383,0.7267,24.5361,45.5322,43.6401,swipe_v
-0.1161,-0.7526,0.7064,32.1045,44.6167,10.3149,swipe_v
-0.1099,-0.6610,0.7885,-4.8218,41.6260,-5.1880,swipe_v
-0.7522,-1.9745,1.3274,-17.9443,30.5176,33.6304,swipe_v
-0.7522,-1.9745,1.3274,-17.9443,30.5176,33.6304,swipe_v
-0.0360,-2.1071,0.2898,-172.7905,13.7939,165.4663,swipe_v
-0.1075,-1.9418,0.4689,-95.0317,-28.1982,-142.0288,swipe_v
-0.1204,0.1796,-0.3364,13.6719,-85.1440,-217.7734,swipe_v
0.3094,-0.2521,-0.0394,139.1602,48.4619,-8.4839,swipe_v
0.7943,-0.6599,0.2281,18.9819,-7.7515,-13.6719,swipe_v
0.4108,-0.3086,-0.1410,-29.3579,-44.0063,-6.4697,swipe_v
-0.2821,0.4968,-1.3054,7.1411,15.4419,25.5127,swipe_v
-0.2821,0.4968,-1.3054,7.1411,15.4419,25.5127,swipe_v
0.3702,-1.3357,1.0956,-17.3950,-41.3818,-25.6958,swipe_v
-0.1758,0.9319,-0.2810,76.0498,42.1753,67.0776,swipe_v
-0.6888,-2.0703,1.5844,49.8657,104.7974,276.9165,swipe_v
-0.4082,-1.3743,0.8940,45.7153,-26.5503,-24.5361,swipe_v
-0.1284,-0.4822,0.6250,-40.7104,-9.8267,-32.8979,swipe_v
-0.2151,-0.7349,0.7040,16.6626,2.3193,12.0239,swipe_v
-0.2209,-0.6660,0.7009,10.1318,0.7935,7.8735,swipe_v
-0.3691,-0.7062,0.9606,0.9766,4.8828,22.9492,swipe_v
-1.0721,-2.5009,1.0497,-103.1494,-30.7617,-1.4038,swipe_v
-1.0721,-2.5009,1.0497,-103.1494,-30.7617,-1.4038,swipe_v
-0.1366,-0.1456,0.1869,-25.1465,12.0239,155.2734,swipe_v
-0.4619,-3.3309,1.0551,-9.7656,8.5449,52.9785,swipe_v
0.0092,-1.1879,0.5225,-157.3486,-6.6528,-135.9253,swipe_v
0.0245,-0.0352,0.0194,-91.0644,-35.9497,-201.8432,swipe_v
0.1329,0.5190,-0.2111,136.5356,-41.7480,-112.7319,swipe_v
0.6456,-0.9103,0.0853,-23.0103,-1.3428,26.3672,swipe_v
0.7560,-0.6292,-0.1238,-36.8042,-33.0811,-63.2935,swipe_v
-0.0059,0.2975,-0.9845,34.1187,-47.9126,-91.6748,swipe_v
-0.1302,-1.3125,1.5791,31.6162,421.9360,248.4741,swipe_v
-0.1302,-1.3125,1.5791,31.6162,421.9360,248.4741,swipe_v
0.1842,0.0966,-0.3412,64.4531,-124.5117,-148.3154,swipe_v
0.0271,0.4701,-0.5598,43.5791,12.6953,-14.7095,swipe_v
-0.5566,-0.2314,1.2751,117.0044,247.4975,222.2900,swipe_v
-0.6974,-1.4493,1.7871,-75.9277,87.9517,237.4267,swipe_v
-0.7029,-1.4630,0.8960,-23.0713,-19.1040,50.2930,swipe_v
-0.3722,-0.4954,0.5651,-15.8691,2.4414,-8.3618,swipe_v
-0.4830,-0.6805,0.7614,64.3921,16.5405,71.1670,swipe_v
-0.5708,-0.3246,0.9224,41.4429,-1.0986,-3.3569,swipe_v
-1.3253,-1.9663,1.4656,-116.6382,19.5313,33.2642,swipe_v
-1.3253,-1.9663,1.4656,-116.6382,19.5313,33.2642,swipe_v
-0.1589,-0.3279,0.4155,-97.7783,52.6733,27.5269,swipe_v
-0.6680,-2.8682,1.2986,-152.0386,-69.7021,-200.8667,swipe_v
-0.5631,0.5752,0.0868,-98.9380,-171.9360,-429.2602,swipe_v
0.4141,0.4899,-0.5621,27.0386,-107.1777,-123.1079,swipe_v
0.7789,-0.3761,-0.4526,4.3945,-3.2349,51.1475,swipe_v
0.9985,-0.4742,-0.1664,60.4248,20.1416,10.4370,swipe_v
0.5775,-0.2832,-0.4791,18.1274,-31.8603,-52.7344,swipe_v
-0.2643,0.0437,-1.4337,95.4590,159.1187,-65.3076,swipe_v
-0.2643,0.0437,-1.4337,95.4590,159.1187,-65.3076,swipe_v
0.3636,0.1583,-0.0449,167.2973,-251.9531,-63.6597,swipe_v
-0.2130,0.1818,-1.9547,127.3804,21.0571,-48.0347,swipe_v
-1.2825,0.5244,1.8921,-31.5552,573.4253,-14.5264,swipe_v
-1.0190,0.4711,1.6973,-118.9575,57.6782,-0.9155,swipe_v
-0.7874,-0.0042,0.9500,-129.6997,-53.7720,-14.3433,swipe_v
-0.5385,0.1787,0.6296,38.9404,9.7656,7.4463,swipe_v
-0.6545,0.1233,0.8815,1.4648,-6.0425,-0.3662,swipe_v
-0.6316,0.2861,0.7187,-13.7939,-2.8687,-2.6855,swipe_v
-0.8610,0.3412,1.0364,5.0049,47.9736,9.6436,swipe_v
-0.9205,0.3523,0.8232,41.9922,-187.2558,21.8506,swipe_v
-0.5334,0.3279,0.0818,-36.9263,72.4487,-5.8594,swipe_v
-0.6956,0.2526,1.8490,-49.0112,-29.5410,-14.5874,swipe_v
-0.6956,0.2526,1.8490,-49.0112,-29.5410,-14.5874,swipe_v
-0.1680,0.0499,1.1338,-55.2368,23.5596,2.3804,swipe_v
-0.4761,-0.0388,2.6711,-155.3955,-159.8511,-21.9116,swipe_v
-0.2167,0.0763,-0.6268,-10.8032,-387.5122,-41.8091,swipe_v
0.6208,-0.0956,0.1846,-49.6826,-62.9883,18.7378,swipe_v
0.8779,-0.4001,0.1133,-14.8315,-32.2876,-35.4614,swipe_v
0.1610,-0.1704,-1.1416,32.8369,16.4795,-48.0347,swipe_v
-0.4526,-0.1094,1.5532,-21.6675,499.9389,-23.3154,swipe_v
-0.4526,-0.1094,1.5532,-21.6675,499.9389,-23.3154,swipe_v
-0.3710,0.7288,-0.2976,117.0654,85.5102,-11.7187,swipe_v
-0.9240,0.6577,1.4099,52.9785,345.7031,89.1113,swipe_v
-0.7686,-0.0925,1.6068,-92.1020,82.0923,13.9770,swipe_v
-0.6160,0.0508,0.8092,-77.0874,-39.6729,-19.7144,swipe_v
-0.4729,0.0923,0.7019,29.2969,-14.4653,30.8228,swipe_v
-0.5471,0.1672,1.0394,-10.0708,-27.8931,27.5879,swipe_v
-0.4684,0.1257,0.8619,2.5635,6.6528,-0.9766,swipe_v
-0.6191,-0.0570,1.0370,7.8125,7.4463,-3.9673,swipe_v
-1.0853,-0.8125,2.1931,-136.1694,-65.9180,-111.0840,swipe_v
-1.0853,-0.8125,2.1931,-136.1694,-65.9180,-111.0840,swipe_v
-0.2871,0.2854,0.7872,-235.9619,-281.4331,-220.5810,swipe_v
0.3517,0.2456,0.1622,-16.2354,-172.6684,-126.8310,swipe_v
0.6256,-0.3322,-0.0363,26.8555,-118.6523,-5.7373,swipe_v
0.4155,-0.4684,-0.5310,89.2944,-170.8374,-41.5039,swipe_v
0.8422,-0.6361,0.0293,4.5166,36.0718,46.0815,swipe_v
0.9056,-0.5710,-0.0320,6.2866,1.0376,2.5024,swipe_v
0.7361,-0.7549,-0.0267,6.1646,14.3433,-19.0430,swipe_v
0.3573,-0.6698,-0.4943,6.1646,0.7324,-62.6831,swipe_v
-0.2505,0.1804,-0.6769,37.9028,237.1216,-132.6904,swipe_v
-0.6726,0.4332,1.0912,27.9541,407.4707,-42.2974,swipe_v
-0.9294,0.2402,2.0417,9.9487,359.7412,66.8335,swipe_v
-0.9294,0.2402,2.0417,9.9487,359.7412,66.8335,swipe_v
-0.5935,-0.2146,0.8733,-99.6704,-137.3291,-41.1377,swipe_v
-0.4875,0.0476,0.7949,37.7197,29.7852,32.1045,swipe_v
-0.6100,-0.0293,0.8832,2.4414,11.4746,-0.4272,swipe_v
-0.5211,-0.1726,0.8156,-5.2490,-2.2583,-1.2207,swipe_v
-0.7443,-0.1770,0.1342,-34.3628,-43.2739,-28.3813,swipe_v
-0.9504,-0.3784,0.3689,-6.2256,19.2871,43.8843,swipe_v
-1.0387,-0.8536,0.3558,-20.8130,32.3486,100.0366,swipe_v
-1.0170,-0.6763,0.2821,9.3994,5.2490,-21.9116,swipe_v
-1.5338,-1.5380,0.6512,30.6396,-51.2085,-119.9341,swipe_v
-1.5338,-1.5380,0.6512,30.6396,-51.2085,-119.9341,swipe_v
-0.7994,-0.5631,0.8657,-56.9458,-107.8491,-295.4712,swipe_v
-0.1184,-0.0458,0.3734,-3.6621,-157.1655,-217.5293,swipe_v
0.1334,0.3409,-0.1483,115.6006,-119.3237,-172.0581,swipe_v
0.5320,-0.1902,-0.6921,300.5371,-258.3008,-101.7456,swipe_v
0.3491,-0.7772,0.3882,77.3926,-59.8755,-109.0698,tap
0.3251,-1.0184,0.5957,-64.3921,2.9907,-52.4902,tap
0.6249,-0.7841,0.5016,128.8452,-168.2739,-133.0566,tap
0.4177,-0.5438,0.3276,137.6343,-205.3223,-112.7319,tap
-2.1195,0.0736,-3.0505,-6.3477,-14.5264,-171.4477,tap
-2.1195,0.0736,-3.0505,-6.3477,-14.5264,-171.4477,tap
-1.0685,0.3097,2.7535,-36.6821,209.8999,85.0830,tap
-0.9321,0.2484,0.9962,79.8340,-39.0625,0.6104,tap
0.7288,-0.3101,0.5490,-58.6548,-55.1147,-8.5449,tap
0.7650,-0.4114,0.3713,-40.2832,-59.5093,-1.5259,tap
0.8402,-0.5144,0.3402,-39.6729,-57.4341,2.1362,tap
0.1421,-0.5983,-0.1274,-30.9448,-120.0561,-50.6592,tap
-1.8662,0.8228,-2.5505,70.0684,99.5483,-209.4726,tap
-1.8662,0.8228,-2.5505,70.0684,99.5483,-209.4726,tap
-0.6031,-0.1444,3.1448,33.2642,332.3364,61.4624,tap
-0.5066,0.0348,1.3860,60.6689,-33.5693,-15.6250,tap
0.7115,-0.5000,0.1655,-20.3857,-34.9731,25.6348,tap
0.8293,-0.5004,0.1864,-12.0850,-12.5122,15.6250,tap
0.8696,-0.7778,0.3651,-24.4141,-26.1230,22.6440,tap
0.6171,-0.6855,0.0756,-65.9180,-104.0039,-36.3770,tap
-0.5194,-0.4778,-1.8619,17.8833,-20.5078,-171.3867,tap
-0.5194,-0.4778,-1.8619,17.8833,-20.5078,-171.3867,tap
-1.5117,0.6616,3.3042,12.7563,561.7676,27.2217,tap
-0.5356,0.0599,1.6669,34.4849,70.9229,12.0239,tap
0.8533,-0.1622,0.0082,-71.4722,-28.3203,-5.3711,tap
0.9200,-0.2977,-0.0031,-123.4131,-38.2690,44.6777,tap
0.8668,-0.2140,0.0277,-41.1377,-83.0078,-41.8701,tap
0.2948,-0.2394,-1.1703,37.4756,-66.4063,-109.1919,tap
-1.5720,0.4829,-2.5439,164.7949,360.9619,-149.5361,tap
-1.5720,0.4829,-2.5439,164.7949,360.9619,-149.5361,tap
-0.8093,-0.0164,2.0442,-31.4941,148.4375,-13.8550,tap
-0.7598,0.1099,0.8778,44.5557,-15.7471,-9.7656,tap
0.8363,-0.1716,-0.2605,-34.7290,-105.9570,23.9258,tap
0.6853,-0.2794,-0.4740,-23.7427,-95.3369,26.3062,tap
0.5917,-0.3883,-0.7072,-34.5459,-56.1523,14.2212,tap
0.2086,-0.1752,-0.9423,9.7046,80.6274,-53.5889,tap
-2.3627,0.0657,-2.0718,-21.4844,526.1841,-75.2563,tap
-2.3627,0.0657,-2.0718,-21.4844,526.1841,-75.2563,tap
-1.0026,-0.0718,2.0322,60.4858,-111.1450,-6.5918,tap
-0.6307,-0.1364,1.0784,-3.7842,-62.0117,0.9766,tap
0.8126,-0.0641,0.1255,-91.1255,-149.5972,40.5273,tap
0.9392,-0.1859,0.0200,-9.0332,-109.4971,40.1001,tap
0.9138,-0.2886,-0.0754,-46.5088,-94.3603,25.2075,tap
0.6753,-0.2615,-0.3683,-20.4468,-84.0454,0.3052,tap
0.0974,-0.4484,-1.5222,51.2085,-13.9160,-31.7993,tap
0.0974,-0.4484,-1.5222,51.2085,-13.9160,-31.7993,tap
-2.2842,-0.3776,3.3738,-324.8901,703.4301,-110.3516,tap
0.3760,-0.2314,1.2874,178.1006,-100.0366,-9.0332,tap
0.7461,-0.3994,-0.2587,99.4263,-212.5244,107.5439,tap
0.8556,-0.3540,-0.1940,-28.0762,-61.8286,41.0156,tap
0.7970,-0.4858,-0.1361,-30.0903,-67.8101,39.1846,tap
0.5120,-0.5348,-0.5817,-28.6865,-80.7495,-1.3428,tap
-0.9600,-1.1327,-3.0082,94.7876,72.0825,-72.8760,tap
-0.9600,-1.1327,-3.0082,94.7876,72.0825,-72.8760,tap
-0.2329,-0.7955,2.6172,36.6211,-138.2446,35.7666,tap
0.2395,-0.1582,0.8352,228.0884,-154.2358,-3.7842,tap
0.8602,-0.1696,-0.4348,-7.8735,-58.5327,45.5322,tap
1.0013,-0.1536,-0.1975,-24.8413,-1.0376,22.2778,tap
1.0220,-0.0034,-0.1810,13.5498,-14.4653,-0.4883,tap
0.6655,-0.1365,-0.7954,40.1001,-36.3770,-13.4277,tap
-0.6007,-0.2163,-3.0751,224.6094,69.7021,-158.0811,tap
-0.6007,-0.2163,-3.0751,224.6094,69.7021,-158.0811,tap
-0.8092,0.6482,2.8569,-68.1763,273.0103,9.1553,tap
-0.0240,0.2692,1.1285,29.3579,-85.6323,2.1973,tap
0.9124,0.1553,-0.2433,-30.6396,-111.3892,-5.7983,tap
0.9327,0.0945,-0.4258,1.1597,-45.4712,15.5640,tap
0.8579,-0.0035,-0.5312,-31.7993,-31.5552,7.3853,tap
0.5646,0.0880,-0.9401,31.7383,-7.2632,-68.1152,tap
-1.2061,-0.1515,-2.0199,128.1128,263.6108,-115.9668,tap
-1.2061,-0.1515,-2.0199,128.1128,263.6108,-115.9668,tap
-0.9668,0.7672,2.6377,-56.0913,123.1079,-37.4756,tap
-0.3815,-0.0197,0.6719,50.2930,-95.7031,29.4800,tap
0.7856,0.3248,-0.0295,-17.3340,-165.2222,5.4932,tap
0.8470,0.1924,-0.3436,33.2642,-112.2436,15.9302,tap
0.7708,0.1704,-0.5913,84.8389,-86.6699,-11.1084,tap
0.6616,-0.1088,-0.8402,-2.0142,-35.0342,-0.6714,tap
-0.2112,0.1130,-1.7548,72.5098,178.6499,-131.2256,tap
-0.2112,0.1130,-1.7548,72.5098,178.6499,-131.2256,tap
-1.3253,1.3926,2.8148,-142.7002,431.5185,-166.1987,tap
-0.4666,0.4047,1.3083,21.1792,-4.2114,22.7051,tap
0.6578,0.3713,0.2438,-26.8555,-214.1113,11.5356,tap
0.7449,0.2451,-0.1305,-3.9673,-192.0776,7.3853,tap
0.7933,0.1818,-0.5117,4.6387,-159.0576,14.0991,tap
0.7225,0.0469,-0.7285,-27.6489,-40.5884,37.4146,tap
-0.2269,0.1266,-2.2172,80.3223,62.3779,-73.2422,tap
-0.2269,0.1266,-2.2172,80.3223,62.3779,-73.2422,tap
-1.7810,0.7252,3.4384,-41.8091,632.5073,-76.3550,tap
-0.4109,0.5122,1.3334,41.1377,-18.6768,9.9487,tap
0.2917,-0.5425,1.1415,-5.4321,-67.1387,-100.3418,circle
0.4746,-0.4393,0.7660,-121.6431,-110.3516,-195.3735,circle
0.6871,-0.0447,0.3831,-145.6909,-84.1675,-192.3218,circle
1.3320,0.0775,-0.0642,-176.3916,-101.8677,-47.1191,circle
0.9785,1.3896,0.0225,-106.8115,-101.6235,-48.9502,circle
0.9785,1.3896,0.0225,-106.8115,-101.6235,-48.9502,circle
-1.2610,-0.2440,0.3505,180.0537,49.5605,324.5239,circle
-1.9327,-1.3430,0.7753,123.8403,152.4658,302.4902,circle
-1.6351,-2.3876,1.4875,146.7285,193.9697,42.4194,circle
0.1467,-0.9780,1.7349,107.7270,101.6235,-323.4253,circle
1.0424,-0.1133,1.3928,-66.2231,-85.6934,-218.0176,circle
0.3666,0.7079,0.1848,-77.8198,-227.9663,-136.4746,circle
-0.1174,0.3657,0.0880,98.8159,-125.4883,49.0112,circle
-0.2616,-2.2516,0.1204,6.2866,-33.6304,170.1660,circle
0.3619,-0.9746,0.0842,33.2642,29.1138,-77.8809,circle
0.8947,-0.6171,0.1823,-38.8184,-15.7471,-41.8701,circle
0.9404,-0.5903,-0.0836,-91.2476,-28.3203,-32.4097,circle
0.7723,0.9385,-0.1235,-19.3481,-33.0811,-62.3779,circle
-0.5717,0.7634,0.3492,147.0947,1.7090,174.4995,circle
-1.6646,-1.1595,0.7433,61.7065,18.1885,395.8130,circle
-1.6646,-1.1595,0.7433,61.7065,18.1885,395.8130,circle
-0.5261,-2.0425,0.8447,119.1406,177.7344,-161.4380,circle
1.0016,-0.9467,1.0959,-8.6060,97.2290,-194.1528,circle
1.1439,-0.4670,0.7876,-3.7231,-26.8555,-151.9165,circle
0.6095,0.3054,0.6433,-88.5010,-145.1416,-94.8486,circle
0.1089,0.0752,0.2512,80.7495,-163.4521,-32.6538,circle
-0.3042,-0.0045,0.0430,129.0894,-114.3799,33.9355,circle
-0.6196,-1.4963,0.2607,71.2891,15.1367,186.2793,circle
-0.7462,-1.4619,0.0640,-19.5923,13.1226,182.3120,circle
-0.5662,-1.4838,0.1964,78.7354,62.8052,120.5444,circle
-0.9698,-0.6915,0.1057,7.2632,5.3711,91.5527,circle
-0.9515,-1.9430,0.0570,-13.4888,69.7021,-44.7998,circle
-0.9515,-1.9430,0.0570,-13.4888,69.7021,-44.7998,circle
1.1771,-1.2106,0.8810,-74.2188,73.7915,-167.6025,circle
0.7426,0.4696,1.1538,-76.7822,-72.0825,-221.8628,circle
-0.1323,0.2898,0.3685,72.0825,-184.5703,-41.3208,circle
-0.6190,-0.1145,0.1042,129.7607,-123.5962,112.3657,circle
-1.3328,-1.0885,0.1221,122.2534,-31.2500,230.7129,circle
-1.6406,-1.6759,0.1707,39.9170,59.8755,205.9936,circle
-0.8829,-2.1494,0.4977,157.2876,135.7422,-27.4658,circle
-0.0054,-1.4816,0.9985,-6.7139,134.0942,-150.1465,circle
0.3813,-1.1083,0.5844,-42.9077,58.8989,-160.5225,circle
0.6931,-0.2687,0.4777,-65.4907,-58.8989,-160.7056,circle
0.4955,-0.1307,0.1667,-62.8052,-94.7876,-139.5264,circle
0.2776,0.0122,0.3333,84.3506,-95.1538,-40.5273,circle
0.1013,-0.5029,0.3368,7.9346,-2.7466,-119.2627,circle
-0.6152,0.7748,0.1627,-15.9912,17.2729,52.3071,circle
-1.5778,-2.1106,-0.0554,8.4839,56.8848,288.3301,circle
-1.5778,-2.1106,-0.0554,8.4839,56.8848,288.3301,circle
-0.3785,-1.6503,0.9427,28.3203,97.3511,-167.8467,circle
0.3776,-1.3529,0.3517,-30.8228,49.3164,-177.1240,circle
0.6559,0.3434,0.8986,10.3760,-85.0830,-214.9048,circle
0.4017,0.5042,0.3743,-27.0996,-159.9121,-98.0835,circle
-0.1519,0.0330,0.1761,79.1016,-135.8032,70.5566,circle
-0.8345,-0.7156,0.2090,67.5049,-100.3418,183.4106,circle
-1.2549,-1.2883,0.2820,96.8018,-30.8228,200.0122,circle
-1.0814,-1.4397,0.3212,107.9712,74.1577,95.7642,circle
-0.4574,-1.9225,0.6062,112.2436,113.3423,-15.0146,circle
-0.1394,-0.3182,0.7362,-17.4561,51.6968,-31.9214,circle
-0.5300,-0.9834,0.1843,-20.4468,0.4883,71.8384,circle
-0.7427,-1.1390,0.2717,71.1670,-18.4326,-113.0371,circle
-0.3335,-1.5442,0.3632,102.3559,90.2100,-159.2407,circle
0.9404,-0.7012,1.5448,3.2349,58.2275,-274.7192,circle
0.9404,-0.7012,1.5448,3.2349,58.2275,-274.7192,circle
0.1946,0.8320,0.5156,-22.6440,-246.4599,-102.7222,circle
-0.5499,0.4680,0.1387,117.6147,-154.7852,94.9097,circle
-0.7811,-0.7819,0.4376,145.3857,-58.1665,236.3281,circle
-0.9666,-1.5917,0.3806,87.0361,-8.0566,198.1201,circle
-0.9081,-1.5693,0.4830,125.0610,93.8721,64.3921,circle
-0.4445,-1.4143,1.0234,78.9185,147.4609,-18.0054,circle
0.5251,-1.1510,1.1511,-12.6343,104.8584,-48.0347,circle
-0.0046,-0.3859,0.3784,-39.5508,13.0615,-63.5376,circle
-0.1460,-0.9727,0.4518,-31.9214,7.2021,-28.0151,circle
-0.0226,-0.8494,0.5050,-10.7422,-9.3384,-33.5083,circle
-0.1360,-1.1932,0.3839,-1.4038,-31.9214,-28.0151,circle
1.3784,0.5229,0.4243,-75.7446,-81.1768,-28.6255,circle
0.3964,1.6289,0.4095,71.1060,-100.3418,-8.3618,circle
-0.4482,0.9330,0.2324,138.2446,-19.0430,280.3955,circle
-1.2150,-0.2032,0.3728,119.3237,45.2881,369.7509,circle
-1.6571,-1.3022,0.4838,26.0620,106.2622,384.7656,circle
-1.6571,-1.3022,0.4838,26.0620,106.2622,384.7656,circle
-1.2949,-1.6179,1.1497,151.2451,124.0845,-16.6626,circle
-0.6534,-1.2511,1.1942,92.4683,66.5283,-234.7412,circle
0.1915,-0.4778,1.1052,-25.0854,4.6997,-238.1592,circle
0.7800,-0.3049,0.8409,-27.0386,-88.5010,-180.7251,circle
0.6550,0.0663,0.3961,-9.0332,-167.9077,-127.5024,circle
0.4791,0.0800,0.2999,50.5981,-152.0386,-35.5225,circle
-0.2546,0.2739,-0.0349,106.3843,-77.0264,136.3525,circle
-0.7886,-0.7041,0.4937,122.0703,34.4849,239.5019,circle
-0.8408,-1.6938,0.7511,57.3120,47.0581,210.0830,circle
0.4272,-0.6266,0.8411,-9.1553,-7.5684,-44.7388,circle
0.6145,-0.9275,0.9006,-49.9878,-30.9448,-57.0068,circle
0.6851,-0.2819,0.6162,-70.7397,-44.6777,-136.1084,circle
-0.4385,0.7913,0.0083,24.4751,-25.8179,34.7290,circle
-0.6797,-2.9615,1.2335,35.8276,148.8037,260.4980,circle
-0.6797,-2.9615,1.2335,35.8276,148.8037,260.4980,circle
1.4220,0.0452,1.6853,-100.7690,-9.7656,-298.0347,circle
0.7716,1.4852,0.2987,-92.5293,-211.6699,-145.8740,circle
-0.1274,1.0880,-0.0055,124.3286,-155.5786,28.6255,circle
-0.7606,-0.1323,0.2941,192.3828,6.7139,226.3794,circle
-1.0527,-1.2083,1.0585,121.4600,122.9858,211.3647,circle
-0.8975,-1.9629,1.2606,106.5674,125.2441,41.9311,circle
0.0714,-1.5087,1.6102,50.4761,126.5259,-195.1294,circle
1.0898,-0.6775,1.6779,-89.5386,21.3623,-199.4629,circle
1.0052,0.1935,1.2848,-115.3564,-89.0503,-180.2368,circle
0.9105,-0.4093,0.1266,-51.6968,-19.4702,-99.9145,circle
0.8430,0.1851,-0.2961,-78.8574,-58.7769,-118.2251,circle
0.5502,1.3923,-0.4606,-6.0425,-24.6582,-112.4878,circle
-0.8043,0.5525,0.2247,115.1733,98.6328,241.6992,circle
-1.8549,-1.6715,1.4048,118.6523,105.8960,441.5283,circle
-1.8549,-1.6715,1.4048,118.6523,105.8960,441.5283,circle
-0.7776,-1.4103,1.8978,138.3667,70.4346,-124.2676,circle
0.3491,-0.2954,1.7213,-39.5508,-7.2632,-220.0928,circle
0.9994,-0.1758,0.9791,-92.8955,-96.3135,-175.4761,circle
0.7965,0.4941,0.2501,-65.6128,-227.7222,-191.1621,circle
-0.1799,1.1536,-0.2816,83.8623,-191.5893,-46.6919,circle
-0.8667,0.0170,0.3123,163.8794,65.1245,200.2563,circle
-1.0234,-1.6168,1.3812,86.2427,151.3672,235.4126,circle
-0.4293,-1.4502,1.5216,170.1050,108.5205,-74.2188,circle
-0.0308,-1.2286,1.7606,71.8384,98.4497,-140.8691,circle
0.7351,-0.7283,0.4683,-13.7939,3.7231,-112.7319,circle
1.0935,0.0670,0.3616,1.3428,15.8081,-174.8657,circle
1.2734,0.2236,0.3734,-90.5762,-16.7236,-106.9946,circle
1.2631,0.6298,0.1232,-104.3091,-82.7026,-45.7153,circle
0.3239,1.6748,-0.4938,-2.4414,-125.9766,-1.8921,circle
0.3239,1.6748,-0.4938,-2.4414,-125.9766,-1.8921,circle
-2.2406,-0.8494,1.0758,210.8764,168.1518,456.4819,circle
-1.8348,-1.9299,1.9268,167.4805,187.4389,255.0049,circle
-0.8538,-1.6499,1.8014,159.7900,45.8984,-146.3623,circle
0.5090,-0.7146,1.9620,-12.7563,2.1362,-296.5088,circle
0.8301,0.2892,0.8301,-83.6792,-150.5737,-211.0596,circle
0.2407,1.1302,0.0425,-24.5361,-231.0181,-136.9629,circle
-0.1493,0.3114,-0.0187,140.9912,-95.8862,117.9809,circle
-0.0339,-2.0020,0.6218,78.3081,21.3013,181.6406,circle
0.4001,-1.3374,0.4856,44.4946,40.2832,-86.9751,circle
1.0449,-0.6069,0.5266,-47.1191,-30.8228,-69.7632,circle
0.9506,0.0129,0.1227,-54.5654,-67.8101,-74.5850,circle
0.2214,1.0951,-0.5927,19.9585,-70.8008,-21.9727,circle
-1.4460,0.3069,0.0021,140.8081,160.8276,238.4643,circle
-2.0396,-1.5699,1.7079,163.3301,281.9824,356.8725,circle
-2.0396,-1.5699,1.7079,163.3301,281.9824,356.8725,circle
-0.7927,-1.0886,1.9965,13.3057,37.3535,-55.0537,circle
0.6262,-0.6377,1.8488,62.3779,-124.5727,-236.5112,circle
0.7161,-0.4995,0.7710,3.2959,-243.8354,-295.8374,circle
0.0574,1.3074,-0.0857,-70.9839,-317.0776,-184.5093,circle
0.0107,0.7666,-0.3053,198.7915,-90.0268,65.2466,circle
-0.5117,0.1041,0.3252,191.7724,106.2012,200.0732,circle
-0.6362,-2.0531,0.9686,-34.1797,116.3330,281.0059,circle
-0.2139,-1.6937,0.6652,100.8911,67.1387,-5.2490,circle
0.4662,-0.9615,1.0341,63.8428,80.9936,-118.2861,circle
0.6951,-0.4468,0.5957,63.4766,-24.1699,-21.0571,shake
0.7159,-0.3767,0.6360,66.3452,-26.0010,-6.8359,shake
0.4447,-0.5974,1.4614,45.9595,-74.7681,-17.5171,shake
-0.2771,-0.2288,-0.7386,327.2094,-485.4126,-25.8789,shake
0.0353,-0.7545,-1.7810,191.8335,122.5586,-95.0928,shake
0.0353,-0.7545,-1.7810,191.8335,122.5586,-95.0928,shake
-0.8707,-2.4551,-2.2853,186.0351,-643.1884,395.5688,shake
-0.3362,1.5508,1.1783,-68.4204,478.3935,-546.5088,shake
-0.9460,-0.6178,0.4384,73.0591,-400.2075,400.8178,shake
-0.0267,-1.2051,-1.1659,30.5786,72.9370,-180.2368,shake
-0.1285,0.9045,2.6199,-230.7129,184.6924,-77.6978,shake
-0.5563,-2.7865,-2.0503,245.1172,-583.0078,481.8115,shake
-0.4293,1.5520,3.3848,-196.8994,427.9785,-325.5615,shake
-0.2240,-1.2439,-0.8406,43.7622,-461.8530,337.7075,shake
-0.3187,-0.0503,-0.0326,-34.6069,362.0605,-329.7729,shake
-0.8699,-1.2759,-0.3365,76.4160,-535.5225,399.9023,shake
-0.6805,-3.1010,-2.0649,161.8652,-382.8735,208.6181,shake
-0.3217,2.7987,2.7511,-309.7534,461.6699,-632.3853,shake
-1.0063,-3.0765,-2.0374,41.7480,-211.4258,87.2192,shake
-0.7412,3.2462,2.4272,-127.5635,437.1338,-694.2748,shake
-0.5289,-1.3086,-2.9320,-7.8735,-622.8638,360.7788,shake
-0.5289,-1.3086,-2.9320,-7.8735,-622.8638,360.7788,shake
-0.2023,3.0303,3.2057,40.7715,-235.4126,162.3535,shake
-1.2457,-1.4475,-3.1252,2.8076,-68.2983,7.4463,shake
0.0500,3.7020,1.9999,-0.1221,137.3901,-179.4433,shake
-1.2460,-1.5620,-1.8624,52.7344,-413.4521,491.7602,shake
0.1486,3.7887,1.3466,40.6494,361.2671,-491.2109,shake
-0.1735,1.4982,-0.0236,-17.7612,-125.1831,322.5097,shake
-0.6838,-2.7037,-1.8108,75.9888,-117.0044,171.7529,shake
0.5057,3.6195,1.4099,-104.6143,9.0942,37.8418,shake
-1.7273,-2.4338,-1.6370,61.7676,-330.6274,571.1670,shake
0.3685,2.2432,-0.4551,18.9819,226.3794,-582.6416,shake
-0.5226,0.4183,-0.3563,-6.5918,-141.4185,360.2295,shake
-0.3419,-0.9734,-1.7159,-8.4839,39.7949,-207.7026,shake
0.5771,2.7733,0.7769,-108.2764,139.5264,-132.0190,shake
-0.5699,-2.4939,-1.9730,-24.9023,-158.2031,298.4619,shake
0.5234,3.4373,1.5757,-30.7617,179.1382,-332.8247,shake
-1.3064,-2.7482,-2.2240,61.8896,-277.1606,488.0981,shake
0.8756,2.9617,0.0911,51.7578,178.4057,-499.3896,shake
-0.7660,-0.2561,-0.9656,-17.2729,-159.4238,400.4516,shake
-1.4180,-2.1171,-1.7324,-74.4019,-33.0200,410.0341,shake
-1.4180,-2.1171,-1.7324,-74.4019,-33.0200,410.0341,shake
0.8289,2.9785,-0.3038,-18.7378,3.2959,-21.5454,shake
-1.5035,-3.2008,-1.5433,-50.4150,26.0010,242.4316,shake
1.1740,3.4353,-0.2682,60.1807,16.8457,-373.3520,shake
-1.3232,-1.6743,-1.3494,-37.5366,-37.4756,428.8330,shake
0.2842,0.6041,-1.3562,93.3227,-7.6294,-390.5639,shake
0.2605,1.8837,-0.4781,-56.3965,14.8926,173.0957,shake
-1.2269,-2.7651,-1.4950,-29.7852,4.5166,63.6597,shake
1.1000,3.6223,-0.1410,44.0063,50.4150,-279.1138,shake
-1.6211,-2.7251,-1.6384,-88.2568,-51.8188,426.0864,shake
-0.2729,-0.3451,-1.4612,95.3369,49.0112,-494.8730,shake
-0.5406,0.2258,-0.8516,-111.9995,-49.4385,352.9052,shake
-0.2777,-0.7375,-1.5520,40.5273,22.8882,-234.6191,shake
1.0881,3.6125,0.2388,-16.6016,26.4893,17.3950,shake
-1.3698,-3.1621,-1.7643,-41.2598,-76.1108,260.4980,shake
0.4670,1.2823,-1.0840,98.2056,110.7788,-390.8691,shake
-0.0464,1.7578,-0.4987,-73.7915,-30.5786,240.1123,shake
-0.0192,0.6268,-1.1990,61.8896,114.4409,-418.6401,shake
0.6362,3.7980,0.7874,22.1558,105.4077,-233.7036,shake
0.1317,1.8810,-0.2473,-35.3394,-70.8618,218.1396,shake
-1.3140,-2.8884,-2.1487,-89.4775,-142.3340,376.5869,shake
-1.3140,-2.8884,-2.1487,-89.4775,-142.3340,376.5869,shake
-0.7242,0.0889,-1.0007,-39.1846,-173.0957,373.5351,shake
-1.1860,-2.8114,-1.9720,15.2588,91.1865,-280.4565,shake
0.9843,3.2961,0.3799,52.0019,140.9302,-295.8374,shake
-0.9858,-2.9340,-2.1102,-78.0640,-93.3227,302.8564,shake
0.3485,0.2178,-0.8678,79.0405,166.3208,-345.2148,shake
0.5017,2.4207,0.1348,-26.6113,-46.3257,103.8208,shake
-0.8079,-1.6296,-1.6948,19.7144,82.3975,-187.1338,shake
0.7954,3.3700,0.0414,143.9209,133.3008,-443.6645,shake
-0.6749,-0.1843,-1.2300,-94.9707,-131.5918,396.8506,shake
-0.5157,-1.0740,-1.4987,49.9878,83.2519,-232.1167,shake
0.8140,3.1514,0.0717,19.4092,31.1279,-116.1499,shake
-1.0829,-2.4979,-1.9569,-52.5513,-76.7822,412.7197,shake
0.2010,1.1921,-0.7373,163.3301,89.1724,-435.6079,shake
0.3069,2.2057,-0.4779,-77.3315,-63.2935,167.4194,shake
-1.5287,-3.1302,-1.7257,-58.0444,-38.4521,252.5635,shake
1.1340,3.5613,-0.1792,112.8540,60.6689,-411.2549,shake
-1.2341,-1.5612,-1.8965,-166.5649,-96.6186,454.9560,shake
-1.0817,-0.2035,-1.1041,-14.4653,-265.7471,351.3183,shake
-0.0837,0.0081,-1.5562,-54.3823,297.1191,-208.6181,shake
0.2019,1.8589,1.7368,-62.9272,15.5029,5.3101,shake
0.2019,1.8589,1.7368,-62.9272,15.5029,5.3101,shake
-0.0629,0.8311,-0.7001,-195.3125,296.7529,-378.6010,shake
0.7058,2.5339,2.0084,-99.1821,209.9609,-134.3994,shake
-1.4076,-2.4985,-2.0842,77.9419,-163.2080,24.3530,shake
0.1587,2.0978,0.2097,-220.5200,265.5640,-454.4067,shake
-0.7507,0.3435,-0.2926,204.3457,-247.3144,301.8188,shake
-1.0082,-1.7349,-1.3710,-271.3013,235.0464,-377.6245,shake
0.2877,2.9651,1.0038,-215.2710,165.3442,-207.3364,shake
-1.5348,-2.4133,-1.4709,357.9712,-293.7012,370.1782,shake
0.1263,1.4620,-0.1931,-272.7051,340.8813,-328.5522,shake
-0.1791,1.0742,0.1567,102.8442,-164.4287,188.4765,shake
-1.1670,-2.2628,-1.8550,-0.8545,-49.3164,48.5229,shake
0.4796,2.7789,1.2369,-189.3310,237.8540,-245.9717,shake
-1.4176,-1.5658,-1.6342,314.7583,-346.0693,325.8056,shake
-0.1676,0.7596,-0.2017,-254.6997,370.6665,-281.5552,shake
0.0404,1.6559,0.2103,101.9287,-161.6211,125.3052,shake
-1.3423,-2.7052,-1.7948,153.2593,-149.0479,159.8511,shake
-1.3203,-3.1179,-1.6068,175.1098,-152.4658,206.6040,shake
-1.3203,-3.1179,-1.6068,175.1098,-152.4658,206.6040,shake
-0.1263,1.6248,0.0582,80.5664,-134.8267,165.1611,shake
-1.1157,-2.7968,-1.4698,70.9229,-57.2510,109.6191,shake
0.3955,2.9666,0.8710,-200.1343,217.1631,-278.2593,shake
-1.2170,-1.7383,-1.0271,344.1162,-297.4243,409.0576,shake
-0.2290,0.4691,-0.5046,-292.2974,266.4185,-345.4590,shake
-0.0010,1.8268,0.0894,51.7578,-122.9248,105.4077,shake
-1.1581,-3.0341,-1.5935,86.9751,-57.8613,172.6684,shake
-0.0801,2.8671,0.7983,-189.6973,235.2295,-425.0488,shake
-0.6917,0.0111,-1.0547,236.4502,-258.5449,343.3227,shake
-1.0779,-3.1631,-1.4012,-106.6284,122.0093,-107.6660,shake
0.1316,3.2039,0.7666,-139.4043,130.1270,-234.0088,shake
-0.9911,-1.2120,-1.3494,247.9858,-225.7690,391.7846,shake
-0.8064,-2.6394,-1.0743,9.6436,32.0435,62.8662,shake
0.2009,2.9346,-0.1544,-26.9775,43.7012,9.5215,shake
-0.9095,-1.6011,-1.5665,54.2603,-50.4150,301.0864,shake
-0.1162,0.3562,-0.8359,-48.7671,123.6572,-359.9853,shake
-0.6322,0.0354,-0.7577,137.0850,-224.2431,363.7085,shake
-0.8547,-3.1427,-1.2115,134.8267,-118.4082,241.0278,shake
-1.1644,-3.3984,-0.9158,185.2417,-151.7944,300.4150,shake
-1.1644,-3.3984,-0.9158,185.2417,-151.7944,300.4150,shake
0.1973,2.9554,0.9508,38.3911,-84.7778,217.7124,shake
-0.6604,-2.2170,-1.8616,-46.6919,-26.5503,-13.3667,shake
0.6146,2.6344,0.5165,-59.6924,88.6230,-80.4443,shake
-0.8270,-1.0684,-1.1980,182.3730,-254.7607,437.9272,shake
0.7758,2.8712,0.1814,-155.2734,223.8159,-391.1133,shake
-0.0093,0.9211,-0.3566,135.6201,-156.1890,458.1909,shake
-1.2159,-2.1913,-1.8917,-96.8018,140.3809,-75.5005,shake
0.1584,3.4687,1.4615,-34.7290,-2.6245,-95.2759,shake
-0.3441,-0.4052,-1.6870,13.0005,-286.6821,400.6347,shake
-0.6366,-0.4282,-1.1438,47.6685,224.9145,-290.4663,shake
0.4841,2.8356,1.4247,-82.9468,15.6250,-71.5942,shake
-1.3655,-2.7924,-1.7679,211.5478,-377.9297,473.1445,shake
0.0504,1.9529,-0.4052,-107.2998,183.6548,-675.9643,shake
0.0806,1.1368,-0.0723,6.3477,-102.4780,263.5498,shake
-0.6212,-2.3112,-1.6042,96.6797,-164.0014,217.2851,shake
0.3325,2.8755,0.7354,-216.1255,256.1035,-516.1133,shake
-0.4032,0.1246,-0.8999,37.5366,-225.7690,405.8227,shake
-0.3822,-1.8341,-1.3972,102.7222,-42.9077,-35.5835,shake
-1.0393,-0.7100,-1.7379,63.2324,-530.4565,300.7812,shake
-0.1490,0.9025,-1.2001,-57.2510,416.5649,-336.2426,shake
0.0411,1.6671,2.5125,-80.8716,232.4829,-141.3574,shake
0.0411,1.6671,2.5125,-80.8716,232.4829,-141.3574,shake
-1.2361,-1.4436,-2.6570,11.1694,-198.8525,53.9551,shake
0.0397,2.1066,0.7462,36.9873,489.7461,-519.2261,shake
-0.0378,0.2754,-0.9728,3.0518,-328.2470,339.5996,shake
-0.7968,-1.5435,-2.5325,-43.3960,-204.0405,260.1318,shake
0.4230,2.5715,1.0431,89.2334,375.2441,-396.6674,shake
-0.0078,0.8959,0.3213,1.9531,-322.3877,303.7109,shake
-0.3153,-1.1412,-3.0642,-172.6684,-137.1460,180.4809,shake
0.1899,2.3859,1.3632,206.1157,345.3979,-302.6123,shake
0.0599,0.8003,-0.2546,-63.2324,-254.3335,223.5107,shake
-0.3640,-1.1859,-2.6339,-36.8652,-194.4580,121.5820,shake
0.5402,1.8801,0.5770,25.0244,310.3638,-268.9819,shake
-0.0607,0.9099,0.3566,-79.2847,-194.0307,168.2129,shake
-0.6956,-1.2550,-2.7512,-11.3525,-203.7353,111.1450,shake
0.1733,2.0414,0.4430,60.5469,385.4370,-388.9160,shake
-0.0637,1.1676,0.2588,-41.8091,-216.6748,229.1260,shake
-0.7946,-1.4716,-2.7780,-57.2510,-161.4380,173.4009,shake
-0.0530,0.6077,-0.6277,11.5356,-39.1235,335.0219,shake
-0.4370,-1.7837,-1.4403,-17.1509,19.2261,81.0547,shake
0.5125,3.4316,-0.1425,30.4565,27.8320,-387.2680,shake
0.5125,3.4316,-0.1425,30.4565,27.8320,-387.2680,shake
-0.8287,-1.8761,-1.5555,-7.9956,-65.1855,187.1338,shake
-0.3867,0.3899,-1.0985,107.7881,33.5083,-423.2177,shake
-0.0757,1.0287,-0.7057,-94.7266,-24.8413,321.1670,shake
-0.6337,-1.8832,-1.7488,-35.8276,-84.1675,390.0757,shake
-0.3055,0.8521,-0.8207,110.4736,69.3359,-412.4145,shake
0.1580,1.9816,-0.2787,-67.6270,-49.7436,110.4736,shake
-0.5748,-2.1053,-1.8234,-17.6392,-87.4023,312.1948,shake
0.1055,1.8395,-0.6229,88.5010,108.1543,-411.1938,shake
0.2456,1.2732,-0.3984,-58.2886,-56.7017,213.9282,shake
-0.5463,-2.0282,-1.9043,-19.8364,-93.8110,207.0312,shake
0.0613,2.1346,-0.2891,63.4155,120.1782,-449.6460,shake
-0.0027,1.1075,-0.5536,-79.7729,-44.6167,287.8418,shake
-0.5189,-2.1787,-1.7964,-29.2969,-63.4766,171.0205,shake
-0.0398,2.5186,-0.0959,46.7529,145.6909,-482.6660,shake
-0.0856,1.0104,-0.3245,-39.4287,-99.9756,294.7388,shake
-0.5406,-2.2126,-1.7272,20.8130,-96.0693,168.2739,shake
-0.3167,0.0199,-0.9619,-65.9790,-69.0308,396.4843,shake
-0.6337,-2.0514,-1.5607,26.6724,-11.0474,25.2075,shake
-0.6337,-2.0514,-1.5607,26.6724,-11.0474,25.2075,shake
-0.0234,1.3354,-0.6602,-78.1860,-33.7524,282.6538,shake
-0.7865,-2.4479,-1.7972,-51.0864,-23.6816,183.2886,shake
0.2307,3.3175,-0.0530,112.6099,71.8384,-489.7461,shake
-0.3119,0.3647,-0.8823,-76.5991,-65.8569,370.4223,shake
-0.7700,-1.7349,-1.5433,-0.7935,31.1890,-40.2832,shake
0.2072,3.4628,0.1315,28.9307,58.4106,-367.9809,shake
-0.5217,-0.5070,-1.0568,-21.6064,-96.4355,440.1855,shake
-0.6078,-0.9501,-1.3896,5.8594,17.2729,-201.2939,shake
0.2510,3.0892,-0.0388,-19.2261,109.5581,-216.7969,shake
-0.4303,-1.4797,-1.2014,-8.1787,-113.9526,410.3393,shake
-0.0315,0.7001,-1.0428,37.1704,10.1318,-357.7270,shake
0.4094,2.7384,-0.2373,-61.8896,61.4014,-230.7129,shake
-0.1860,-1.4178,-1.5155,-4.3335,-96.3745,243.6523,shake
0.1394,-0.0786,-1.1975,29.9072,126.8921,-264.8315,shake
0.4464,1.3898,-0.2267,-186.5845,147.5830,-152.1606,shake
0.4987,0.2656,0.7325,-577.3926,45.6543,85.2661,shake
0.4849,0.1802,0.8448,-63.4155,45.4712,27.3437,shake
0.6042,-0.0159,0.8619,71.2280,-119.4458,29.9683,swipe_h
0.4506,-0.0111,0.7441,-72.8760,-80.0781,69.2139,swipe_h
0.3419,0.0143,0.3099,6.7139,-51.3916,69.3359,swipe_h
0.3267,-0.7887,0.6129,-77.6367,-2.1362,85.2051,swipe_h
0.1595,-1.6876,0.5632,-135.1929,48.2178,-39.9170,swipe_h
0.1595,-1.6876,0.5632,-135.1929,48.2178,-39.9170,swipe_h
-0.0435,-0.2598,2.2599,-269.5923,189.8804,-363.0371,swipe_h
0.4354,1.1536,1.4412,-210.1440,16.4795,-240.3564,swipe_h
0.6357,0.5626,0.3019,-37.5977,-40.1611,-73.8525,swipe_h
0.3444,1.1162,-0.0886,112.1216,-71.0449,-190.6738,swipe_h
0.8727,0.5730,0.0066,-20.5688,-0.1221,26.2451,swipe_h
0.8132,0.5331,-0.0483,-17.6392,-10.4980,-13.3057,swipe_h
0.2648,1.0984,-0.1627,-27.2827,31.5552,-146.0571,swipe_h
-0.1410,1.7993,-0.3562,89.5386,125.7324,159.3018,swipe_h
-0.1410,1.7993,-0.3562,89.5386,125.7324,159.3018,swipe_h
-0.2795,1.3243,1.5387,-40.4053,198.4253,203.7353,swipe_h
-1.2065,-0.5319,1.6122,44.9219,-15.2588,526.4282,swipe_h
-0.3116,-1.5171,1.0493,167.4194,-78.5522,195.6177,swipe_h
-0.2103,-0.8553,0.9432,48.2788,-43.7012,78.2471,swipe_h
0.4166,-0.3925,0.8685,49.9878,-0.3662,-44.6167,swipe_h
0.3231,-0.1442,0.9657,65.6738,17.5171,25.2075,swipe_h
0.2059,-0.2113,0.8784,62.9272,3.8452,27.9541,swipe_h
0.2389,-0.6578,1.2684,-23.3765,13.4277,10.6812,swipe_h
-0.0515,-1.3457,1.3715,-141.2964,5.8594,-32.7759,swipe_h
-0.0515,-1.3457,1.3715,-141.2964,5.8594,-32.7759,swipe_h
-0.3577,0.4983,1.6288,-131.5918,0.1831,-266.2964,swipe_h
0.3444,-0.5018,1.0897,-172.3633,-23.1934,-187.9272,swipe_h
0.6420,0.5592,1.1636,-179.5654,-19.4092,-264.6484,swipe_h
0.7617,1.8118,-0.0302,-75.1343,-60.7910,-169.6167,swipe_h
0.9454,0.2389,0.0359,35.7056,-29.3579,8.2397,swipe_h
0.7032,0.6443,-0.1279,-23.3765,4.8828,-73.6694,swipe_h
0.7167,0.8142,0.0668,-14.8315,12.6953,-55.7861,swipe_h
0.6829,0.7952,0.0035,-8.9111,-5.0049,-62.9272,swipe_h
0.4087,1.1385,-0.1929,10.5591,10.4980,-49.1333,swipe_h
-0.0050,1.5723,-0.1284,-67.5049,110.5957,17.7002,swipe_h
-0.0050,1.5723,-0.1284,-67.5049,110.5957,17.7002,swipe_h
-0.0428,0.7996,0.7841,65.1245,157.3486,218.7500,swipe_h
0.0619,-0.1625,1.1919,33.2642,126.6479,274.5972,swipe_h
0.1177,-0.2579,1.1378,75.9277,37.1704,216.3696,swipe_h
0.1927,-0.5051,0.9915,56.2134,16.7847,185.4858,swipe_h
0.4282,-0.3168,0.8477,-34.0576,0.6104,65.5518,swipe_h
0.4020,-0.3784,0.8884,-29.8462,-15.2588,76.7212,swipe_h
0.0400,-0.7915,0.7957,9.5825,-14.6484,68.7256,swipe_h
-0.3630,-1.4734,0.9153,-67.1387,16.2354,13.8550,swipe_h
-0.3630,-1.4734,0.9153,-67.1387,16.2354,13.8550,swipe_h
-0.1532,-0.5668,1.2266,-183.8989,88.1958,-238.8306,swipe_h
0.4055,-0.1969,1.0947,-150.6348,62.5000,-182.2510,swipe_h
0.5649,-0.1646,0.7168,-120.7275,47.0581,-140.2588,swipe_h
0.6843,0.1991,0.4999,-86.1206,40.5884,-133.1787,swipe_h
0.7720,0.4452,0.4102,105.9570,-19.9585,-163.9404,swipe_h
0.7788,0.4648,-0.2452,38.5742,-39.6729,-19.1040,swipe_h
0.6362,0.7301,-0.2136,-180.7251,3.1738,-121.4600,swipe_h
0.0070,1.8809,-0.2870,-122.8638,53.5889,-58.8989,swipe_h
0.0070,1.8809,-0.2870,-122.8638,53.5889,-58.8989,swipe_h
0.0414,0.7664,0.6833,56.8237,126.5869,189.6973,swipe_h
0.0125,0.0311,1.0283,29.6020,120.5444,243.4082,swipe_h
0.1877,-0.5801,1.1198,11.7798,78.0029,232.9101,swipe_h
0.2400,-0.4548,0.8760,82.6416,-4.0894,116.1499,swipe_h
0.2209,-0.7961,0.8464,-18.5547,9.1553,112.6709,swipe_h
0.3842,-0.8689,0.9143,26.0010,0.8545,40.8325,swipe_h
0.3733,-0.9263,0.6050,-39.1235,-15.2588,-8.0566,swipe_h
-0.1116,-1.2977,0.5624,-56.2744,-1.3428,-24.5361,swipe_h
-0.0846,-1.5217,0.5253,-154.4189,64.3311,-76.1108,swipe_h
-0.0846,-1.5217,0.5253,-154.4189,64.3311,-76.1108,swipe_h
0.3287,-0.2252,0.8978,-146.7896,112.8540,-157.0435,swipe_h
0.6272,0.0054,0.8405,-91.4307,104.8584,-98.2666,swipe_h
0.7828,-0.0474,0.6685,3.0518,49.1943,-99.2432,swipe_h
0.7836,0.1287,0.4288,57.1899,25.1465,-126.2817,swipe_h
0.7699,0.5283,0.4637,58.2886,38.1470,-121.7651,swipe_h
0.9276,0.2639,0.7086,3.2959,10.7422,-6.0425,swipe_h
0.7633,0.3724,0.5225,18.6768,15.4419,-29.5410,swipe_h
0.4850,1.2974,0.6306,21.2402,43.5181,-71.3501,swipe_h
0.4850,1.2974,0.6306,21.2402,43.5181,-71.3501,swipe_h
-0.1134,0.7311,0.9952,74.0356,28.4424,223.0224,swipe_h
-0.0547,-0.4043,0.9521,63.4155,-22.6440,291.9312,swipe_h
0.1313,-0.8973,0.7266,70.9229,-23.0103,214.6606,swipe_h
0.3195,-0.9490,0.5747,44.3115,-14.7705,132.7515,swipe_h
0.4554,-1.0790,0.6494,12.1460,0.8545,71.5332,swipe_h
0.5287,-0.7954,0.6876,15.5029,10.0098,9.5215,swipe_h
0.5167,-0.5155,0.7445,-0.7935,10.4980,2.9907,swipe_h
0.0212,-1.4462,0.5488,-85.6934,25.8179,-118.9575,swipe_h
0.0212,-1.4462,0.5488,-85.6934,25.8179,-118.9575,swipe_h
0.4163,-0.5189,0.9078,-163.5132,60.4248,-125.1831,swipe_h
0.4202,-0.1327,0.7844,-101.3184,63.3545,-165.4053,swipe_h
0.5665,0.6127,0.5477,-39.3066,54.7485,-141.1743,swipe_h
0.8724,0.2751,0.6398,-27.3437,43.9453,-18.3716,swipe_h
0.9263,0.1039,0.6604,18.7378,27.0996,-26.4282,swipe_h
0.8472,0.1248,0.6332,31.4331,9.4604,-29.4189,swipe_h
0.7684,0.0972,0.5878,29.6631,15.8691,-25.8179,swipe_h
0.7583,0.1858,0.6027,8.3008,17.5781,-19.7144,swipe_h
0.1676,-0.8512,0.7183,35.3394,-9.0942,71.1060,swipe_h
0.2582,-0.7825,0.7458,6.8359,8.8501,45.9595,swipe_h
0.2651,-0.6753,0.8146,9.5825,5.2490,7.6904,swipe_h
0.1741,-0.7117,0.7948,7.1411,-3.7842,-0.4883,swipe_h
-0.2052,-1.3053,0.8523,-23.1934,-8.7891,-42.1753,swipe_h
-0.2052,-1.3053,0.8523,-23.1934,-8.7891,-42.1753,swipe_h
-0.3113,-1.0096,0.8988,-182.1899,98.5107,-237.7930,swipe_h
-0.0040,0.0227,1.1082,-165.2222,108.2764,-234.3750,swipe_h
0.5299,0.3033,0.9207,-64.8804,104.7363,-149.8413,swipe_h
0.7512,0.3396,0.6864,21.4233,46.5088,-102.5391,swipe_h
0.5763,0.5894,0.5507,36.6821,-9.1553,-53.7109,swipe_h
0.6162,0.6174,0.4744,-12.8174,0.4883,-29.4800,swipe_h
0.5994,0.6603,0.6099,-26.5503,12.2681,-22.8271,swipe_h
0.5951,0.6649,0.6995,-23.9868,17.0288,-14.0381,swipe_h
0.1971,1.4851,0.6827,-12.4512,43.5791,-10.1318,swipe_h
0.1971,1.4851,0.6827,-12.4512,43.5791,-10.1318,swipe_h
-0.3993,0.5642,0.9773,54.1992,-5.9204,287.4756,swipe_h
-0.4652,-0.2966,0.7396,11.5356,-27.6489,309.3262,swipe_h
-0.0896,-0.9117,0.6859,26.6724,-25.7568,253.9062,swipe_h
0.0710,-1.2152,0.6388,6.4697,-26.4893,167.9687,swipe_h
0.0944,-0.6724,0.6146,6.1035,-41.4429,92.1631,swipe_h
0.0376,-0.7976,0.5544,-8.2397,-24.1089,79.3457,swipe_h
-0.1796,-0.7599,0.6013,16.4795,-17.3340,95.5810,swipe_h
-0.2753,-1.0160,0.6588,9.9487,1.1597,61.2793,swipe_h
-0.4976,-1.4565,0.5258,-60.3027,10.5591,-3.4180,swipe_h
-0.4976,-1.4565,0.5258,-60.3027,10.5591,-3.4180,swipe_h
-0.9459,-1.0970,0.7421,-73.3643,139.5264,-286.1328,swipe_h
-0.5450,-0.3613,0.9172,-55.4810,108.7646,-297.3633,swipe_h
0.1053,0.1243,0.7612,-62.9883,72.0215,-215.4541,swipe_h
0.2803,0.6095,0.5009,37.2314,62.7441,-198.0591,swipe_h
0.5532,0.4098,0.5341,0.7935,7.0190,-33.7524,swipe_h
0.5884,0.6322,0.5685,-4.9438,15.6250,-43.2739,swipe_h
0.6019,1.1171,0.6255,6.2866,34.6069,-42.5415,swipe_h
0.6019,1.1171,0.6255,6.2866,34.6069,-42.5415,swipe_h
0.1022,0.7797,0.7859,20.7520,-2.5635,210.5102,swipe_h
-0.1067,0.3658,0.5317,38.2080,-12.0850,204.3457,swipe_h
-0.0610,-0.3615,0.6277,16.7847,15.1978,235.9009,swipe_h
0.0563,-0.7827,0.7119,14.9536,13.3667,210.6323,swipe_h
0.1182,-1.2144,0.6621,0.6714,-2.5635,158.0811,swipe_h
0.2720,-1.2081,0.7108,19.8364,1.3428,56.2744,swipe_h
0.5883,-0.2867,0.6138,17.4561,-4.3335,24.4751,swipe_v
0.4709,-0.1747,0.7502,27.5879,52.5513,53.5889,swipe_v
0.0264,-0.2010,1.0162,89.2944,84.9609,50.4150,swipe_v
0.2054,0.0459,0.6711,89.2334,55.9692,-54.8706,swipe_v
0.2589,0.0710,1.3191,79.7119,97.5342,-28.0151,swipe_v
0.2589,0.0710,1.3191,79.7119,97.5342,-28.0151,swipe_v
-0.2732,-0.1451,0.9501,-5.7983,70.1904,-110.6567,swipe_v
-0.2198,0.4850,0.9827,-52.5513,108.8257,-67.8711,swipe_v
-0.7999,-0.2643,1.3710,-53.7109,51.8799,40.8325,swipe_v
-1.5310,-1.2090,2.0870,-83.9233,-18.3105,-92.2851,swipe_v
0.3163,-0.3842,-0.5974,33.0811,-59.8144,-51.8799,swipe_v
0.0571,-0.1351,-0.8529,86.4868,129.5776,-70.8618,swipe_v
-0.0204,0.2887,0.1439,118.8354,228.5156,-84.1675,swipe_v
-0.2458,0.9823,0.6367,149.2920,235.4126,-116.8213,swipe_v
-0.9033,0.5536,1.8239,13.7939,321.4111,-16.6626,swipe_v
-0.9033,0.5536,1.8239,13.7939,321.4111,-16.6626,swipe_v
-0.8098,1.1766,1.0719,116.2109,125.4272,20.2026,swipe_v
-0.8455,0.6526,0.5142,114.8071,109.5581,83.8623,swipe_v
-0.6510,0.7886,0.2758,11.2305,53.3447,60.5469,swipe_v
-0.4717,0.9393,-0.0231,-11.4746,29.1138,48.2178,swipe_v
-0.0066,0.9305,-0.3728,-19.1650,-8.6060,-21.2402,swipe_v
-0.8097,0.8412,0.1456,-50.1099,-46.9360,-76.7212,swipe_v
-1.5585,1.6765,0.6855,-123.5351,-173.7671,-211.6089,swipe_v
-1.5585,1.6765,0.6855,-123.5351,-173.7671,-211.6089,swipe_v
-0.4856,1.3364,0.2933,-112.9150,-250.8545,-8.8501,swipe_v
-0.0748,0.3202,0.3899,-126.0376,-146.6675,14.1602,swipe_v
0.0087,0.3058,0.4829,22.3999,-216.1865,-8.1177,swipe_v
0.3969,0.2477,0.4047,7.6294,-185.4248,93.0786,swipe_v
0.5670,-0.1814,0.3893,-201.4770,-116.3940,116.5771,swipe_v
0.8582,-0.4072,0.1320,-69.8853,-70.1294,48.7671,swipe_v
0.9246,-0.4109,-0.0612,-13.6719,-26.7334,-25.3906,swipe_v
0.5536,-0.3618,-0.4427,31.5552,-33.3252,-20.3247,swipe_v
-0.0605,-0.0250,-0.9319,-51.6968,85.0830,-27.2827,swipe_v
-0.7798,0.2438,0.0240,174.9878,350.6469,-107.0557,swipe_v
-0.6168,0.8054,1.9288,134.3384,446.1670,-80.5664,swipe_v
-0.6168,0.8054,1.9288,134.3384,446.1670,-80.5664,swipe_v
-1.0165,0.6323,0.8152,18.7988,112.3657,-73.6084,swipe_v
-1.0946,0.3225,1.0264,-25.2075,151.9165,-4.6997,swipe_v
-1.2142,1.0016,0.3696,36.4380,139.4043,28.5034,swipe_v
-0.8873,0.4083,0.1945,44.6167,133.1177,135.7422,swipe_v
-0.6085,0.6973,-0.2905,12.7563,-7.8735,1.3428,swipe_v
-0.6772,0.7048,-0.1859,33.6914,-19.2871,-9.2773,swipe_v
-1.2791,0.8766,0.1079,6.2256,-94.1162,-26.8555,swipe_v
-1.2791,0.8766,0.1079,6.2256,-94.1162,-26.8555,swipe_v
-1.7316,1.5430,0.7150,-186.0351,-370.5444,81.1157,swipe_v
-0.3928,0.7806,0.2019,-189.6973,-334.6557,26.8555,swipe_v
0.1049,0.3949,0.3091,-162.4756,-245.9106,53.3447,swipe_v
0.3998,-0.0662,-0.0175,-164.1846,-151.6113,24.7192,swipe_v
0.6122,-0.1462,0.1105,-51.5137,-57.0068,-22.3389,swipe_v
0.7542,-0.2509,-0.0897,-11.3525,-52.3682,-27.4048,swipe_v
1.0088,-0.1504,-0.1057,-0.7324,10.7422,13.8550,swipe_v
0.7601,-0.1506,-0.3920,32.4707,4.2725,-23.1934,swipe_v
0.1317,-0.1846,-0.6459,39.0015,96.0693,-41.0156,swipe_v
-0.7041,0.1587,-0.4489,24.7192,263.1226,-68.2983,swipe_v
-1.2350,0.7324,1.3844,66.7114,483.0322,-83.8623,swipe_v
-1.2350,0.7324,1.3844,66.7114,483.0322,-83.8623,swipe_v
-1.1312,0.6740,1.2748,-38.2080,136.5356,-29.7852,swipe_v
-0.9396,0.5154,0.9772,-30.6396,90.2100,-29.1138,swipe_v
-0.8888,0.5233,0.3964,51.6968,76.9653,-16.3574,swipe_v
-1.0103,0.9106,0.4840,-52.7954,107.7270,29.0527,swipe_v
-0.8329,0.5148,0.1031,0.0610,-1.5259,0.4883,swipe_v
-0.8160,0.5361,0.0922,6.4087,0.0610,1.4038,swipe_v
-0.8071,0.5406,0.0698,7.3242,6.1035,4.0894,swipe_v
-0.9459,0.5381,0.2000,8.1787,17.1509,4.0894,swipe_v
-1.6897,0.7329,1.0120,72.5708,-87.8906,33.2031,swipe_v
-1.6897,0.7329,1.0120,72.5708,-87.8906,33.2031,swipe_v
-0.6511,1.1263,0.7424,-95.5810,-225.0366,133.3008,swipe_v
-0.6705,1.1945,-0.0925,-234.5581,-479.5532,40.0391,swipe_v
0.1152,0.3214,-0.5322,-130.2490,-224.2431,106.9946,swipe_v
0.6038,-0.3452,-0.0992,-67.8711,-36.6821,41.4429,swipe_v
0.9631,-0.3389,0.0647,-16.1743,-15.3198,-10.5591,swipe_v
0.7144,-0.4347,-0.3710,-12.6953,-25.6958,-49.0723,swipe_v
-0.1798,0.0874,-0.9185,45.8984,137.2681,-81.7261,swipe_v
-0.6300,0.2103,-0.2374,104.6143,382.2021,-115.4175,swipe_v
-0.3979,1.2601,1.8613,103.0273,301.9409,-109.1309,swipe_v
-0.3979,1.2601,1.8613,103.0273,301.9409,-109.1309,swipe_v
-0.4667,0.1052,1.7402,-227.7222,110.8398,52.0630,swipe_v
-0.2211,0.4336,2.0983,96.4355,17.8833,47.7295,swipe_v
-0.6943,0.1846,-0.0809,112.3657,39.3066,51.7578,swipe_v
-0.7437,0.6083,0.7743,27.8931,138.5498,10.3149,swipe_v
-0.7310,0.6558,-0.1497,146.7896,41.9922,6.2256,swipe_v
-0.7321,0.6261,-0.2648,89.5996,40.3442,9.8267,swipe_v
-1.0215,0.9604,0.3370,-2.6855,-16.0522,15.2588,swipe_v
-1.0215,0.9604,0.3370,-2.6855,-16.0522,15.2588,swipe_v
-1.3539,1.3330,0.6548,-142.5171,-295.7153,145.3857,swipe_v
-0.2545,0.9609,0.3411,-277.0386,-338.4399,45.4102,swipe_v
0.1974,0.4879,0.1851,-67.9321,-226.0132,52.1240,swipe_v
0.3345,0.0914,0.0122,-112.3047,-187.4389,66.5894,swipe_v
0.5883,-0.3666,-0.4117,-25.4517,-72.7539,13.4888,swipe_v
0.9866,-0.3044,0.2170,-52.9175,35.8276,-2.0752,swipe_v
0.5886,-0.1973,-0.5912,-1.2817,-15.8081,9.0332,swipe_v
0.0674,-0.2833,-1.0933,60.7910,67.5659,-26.7334,swipe_v
-1.0757,0.6835,-0.2220,150.3296,419.4336,-132.4463,swipe_v
-1.2773,0.5968,1.8478,88.6230,430.1147,-58.9600,swipe_v
-1.2773,0.5968,1.8478,88.6230,430.1147,-58.9600,swipe_v
-1.3180,0.5286,0.9061,-28.2593,138.4277,14.0381,swipe_v
-1.0671,0.5386,0.5427,83.7402,82.8857,40.5273,swipe_v
-1.0055,0.7240,0.2985,-9.9487,120.2393,88.6841,swipe_v
-0.9084,0.3522,0.8156,-12.6953,32.2876,34.8511,swipe_v
-0.7196,0.6874,-0.0730,-17.0288,18.0664,-10.0098,swipe_v
-1.1559,1.0431,0.4229,-22.6440,-61.8286,-26.9165,swipe_v
-1.1559,1.0431,0.4229,-22.6440,-61.8286,-26.9165,swipe_v
-1.4502,1.6146,0.4624,-206.7871,-302.6733,160.0342,swipe_v
-0.6151,0.9448,0.4562,-251.2817,-372.0092,108.5205,swipe_v
-0.1147,0.4966,-0.4458,-149.9023,-301.8799,76.0498,swipe_v
0.4159,-0.1222,-0.5459,-77.7588,-114.6240,49.1943,swipe_v
1.0027,-0.3386,0.1758,-11.5356,12.1460,11.2915,swipe_v
1.0189,-0.2358,0.0815,-6.3477,-10.6201,-2.0752,swipe_v
1.0182,-0.1909,0.0449,-32.8369,-5.0659,24.7192,swipe_v
0.9630,-0.2225,0.0574,-11.5967,6.7749,8.1787,swipe_v
0.4956,-0.3018,-0.8993,13.3057,-3.9673,-33.4473,swipe_v
-0.7103,0.0664,-0.9248,107.3608,343.4448,-105.4077,swipe_v
-1.7930,1.2416,1.2745,109.6802,546.2646,-131.1646,swipe_v
-1.7930,1.2416,1.2745,109.6802,546.2646,-131.1646,swipe_v
-1.4456,0.4700,1.0840,20.3247,182.0679,23.0103,swipe_v
-1.3217,0.4775,0.6644,88.6230,65.0024,40.6494,swipe_v
-1.0193,0.6874,0.1777,-8.1787,107.2998,5.7983,swipe_v
-0.9767,0.3472,0.2839,8.1787,67.9321,15.6250,swipe_v
-0.8456,0.6100,-0.1003,-30.7007,9.3994,-4.2114,swipe_v
-0.8358,0.5009,-0.0917,-2.5024,2.9907,2.7466,swipe_v
0.2250,-0.2029,0.9479,3.5400,3.4180,-6.9580,tap
0.2148,-0.1678,0.9594,21.6675,5.9814,-5.2490,tap
0.1628,-0.1187,1.0009,40.7715,5.9204,6.1646,tap
0.2091,0.0022,1.1051,31.7383,-24.7803,-21.0571,tap
0.2821,0.2957,1.7235,81.1157,-75.7446,-16.6016,tap
0.2821,0.2957,1.7235,81.1157,-75.7446,-16.6016,tap
-0.2039,-0.6458,-0.0118,-105.5298,-338.5009,-33.3862,tap
-1.3080,0.7554,-3.3177,-29.2969,-79.4067,-135.8643,tap
-0.5459,0.3533,0.9108,-32.4097,-248.2300,19.1650,tap
-0.1375,0.3060,0.7180,-12.0850,-206.7261,-11.3525,tap
0.3741,0.3477,1.3452,-108.9477,-179.3213,-29.0527,tap
0.3741,0.3477,1.3452,-108.9477,-179.3213,-29.0527,tap
-0.6731,0.2124,-2.1271,0.9766,-191.5283,-78.7964,tap
-3.9097,-0.4769,0.2413,-66.6504,800.4150,-46.9971,tap
-2.6674,0.1771,3.3385,-78.3081,448.1811,34.6069,tap
-0.7205,-0.1049,-0.0216,102.8442,-129.8828,37.2925,tap
0.6869,0.3319,0.7675,-14.5874,-105.4687,-15.2588,tap
0.7085,0.4575,0.6055,-29.1748,-147.9492,17.6392,tap
-1.1987,0.1337,-3.3173,69.4580,34.8511,15.6250,tap
-1.1987,0.1337,-3.3173,69.4580,34.8511,15.6250,tap
-2.2187,0.3818,2.7025,-113.9526,419.1284,18.6768,tap
-0.7135,0.0676,0.1981,61.8286,-56.0913,67.5659,tap
-0.8497,0.2910,0.1772,2.0752,-16.0522,10.8643,tap
-0.9419,0.3287,0.3589,-14.4653,-10.3149,6.4697,tap
0.3228,0.0946,0.6436,-14.6484,-357.8491,24.3530,tap
0.6067,0.3173,0.5635,-38.9404,-235.6567,-15.9912,tap
0.6141,0.5648,-0.0149,-60.0586,-186.0962,-15.4419,tap
-1.2275,-0.0568,-3.1205,16.6016,61.2183,-8.2397,tap
-1.2275,-0.0568,-3.1205,16.6016,61.2183,-8.2397,tap
-2.2175,0.4496,2.4006,-48.8892,440.4907,-30.1514,tap
-1.0197,0.0441,0.6934,2.8687,46.5698,67.3828,tap
-0.9669,0.3727,0.3437,23.4985,-44.0063,-1.0986,tap
-0.3535,0.6753,1.3752,-20.9351,-274.9634,37.4756,tap
-0.3535,0.6753,1.3752,-20.9351,-274.9634,37.4756,tap
0.5988,0.2084,0.3441,-57.6172,-232.6050,37.2314,tap
0.6055,0.2897,-0.1458,-51.2085,-155.2124,-5.6152,tap
-0.0551,0.2391,-1.7565,27.6489,19.5923,-34.6680,tap
-3.0433,0.1987,0.0258,44.5557,793.0297,-15.5029,tap
-2.7025,0.9399,1.8368,-43.8232,519.7144,-36.1938,tap
-0.9564,-0.0308,0.6934,51.5137,62.3779,100.8911,tap
-0.5382,0.4614,1.1704,-11.1084,-120.1782,-1.3428,tap
-0.1954,0.4729,0.9226,-55.3589,-254.6387,1.1597,tap
0.3329,0.1941,0.7855,-148.8647,-195.0073,-50.2319,tap
-0.0016,0.0720,-0.1600,13.3057,-197.5098,-72.7539,tap
-2.5667,-0.7135,-2.0483,33.5083,358.6425,-67.5659,tap
-2.5667,-0.7135,-2.0483,33.5083,358.6425,-67.5659,tap
-0.6730,-0.3220,-0.0382,88.3179,-82.4585,61.5234,tap
-0.7290,-0.1313,-0.3191,19.7144,-32.3486,0.1831,tap
0.6249,-0.1488,0.4891,-58.8989,-128.1128,-3.0518,tap
0.7880,-0.1163,0.3177,-49.9878,-96.3745,-29.0527,tap
0.8422,-0.0756,0.3342,-64.3921,-73.9136,-15.0146,tap
0.7064,-0.1322,-0.3260,-6.4087,-92.5293,-28.8696,tap
-0.2468,0.4210,-2.0015,166.1987,269.4702,-59.0820,tap
-0.2468,0.4210,-2.0015,166.1987,269.4702,-59.0820,tap
-2.1002,-0.0529,1.5254,-32.7148,429.9316,37.5366,tap
-1.4619,0.0795,0.4579,26.8555,163.3911,21.4233,tap
0.4724,0.3191,0.5052,-54.4434,-158.8135,19.8975,tap
0.7080,0.0829,0.4098,-85.2051,-116.0889,20.3857,tap
0.8640,-0.0341,0.4094,-72.4487,-77.4536,4.0894,tap
0.8784,-0.0002,-0.1531,-26.9775,-81.5430,-7.5073,tap
0.1719,0.1261,-1.9463,108.7036,226.2573,-68.9697,tap
0.1719,0.1261,-1.9463,108.7036,226.2573,-68.9697,tap
-2.2108,-0.4294,1.4387,-120.7886,433.1665,-4.1504,tap
-1.5948,-0.0217,0.7070,-5.2490,157.7148,5.2490,tap
0.4889,0.2849,0.4519,-31.8603,-202.0264,45.0439,tap
0.6659,0.3790,0.3453,-63.2935,-166.0156,28.0762,tap
0.7848,-0.0566,-0.1171,-50.1709,-152.2217,33.3252,tap
0.6918,-0.1586,-1.1200,10.3149,-59.8755,-18.2495,tap
-0.9406,-0.2939,-1.8425,118.3472,331.5429,-114.8682,tap
-0.9406,-0.2939,-1.8425,118.3472,331.5429,-114.8682,tap
-2.0564,0.3278,1.3119,-91.5527,394.7754,-131.7139,tap
-1.3733,0.1798,0.3535,-21.1182,106.2012,-3.9673,tap
0.6450,0.4082,-0.0654,3.0518,-184.6313,116.1499,tap
0.7753,0.2648,-0.3717,-31.1890,-118.1641,68.1763,tap
0.8940,0.1198,-0.4651,-114.8071,-46.8750,70.4346,tap
0.6830,-0.0198,-1.0652,-46.2036,56.5186,2.2583,tap
-0.4314,-0.1924,-2.1785,82.4585,256.6528,-82.2754,tap
-0.4314,-0.1924,-2.1785,82.4585,256.6528,-82.2754,tap
-2.2476,0.4098,1.1868,-97.5952,384.3994,-122.1313,tap
-1.2820,0.2156,0.2036,1.3428,59.3872,-8.0566,tap
